id,phishing_probability,label,original_url,predicted_label,url
2468,0.9981899975787104,1,http://ceramicatorres.com.br/wp-admin/network/js/index.php?email=jose@monkey.org,1,http://%63%65%72%61%6D%69%63%61%74%6F%72%72%65%73%2E%63%6F%6D%2E%62%72%2F%77%70%2D%61%64%6D%69%6E%2F%6E%65%74%77%6F%72%6B%2F%6A%73%2F%69%6E%64%65%78%2E%70%68%70%3F%65%6D%61%69%6C%3D%6A%6F%73%65%40%6D%6F%6E%6B%65%79%2E%6F%72%67
3130,0.9015062122515974,1,https://robsonpeluquerosaopaulo.com/here/es/305,1,https://%72%6F%62%73%6F%6E%70%65%6C%75%71%75%65%72%6F%73%61%6F%70%61%75%6C%6F%2E%63%6F%6D%2F%68%65%72%65%2F%65%73%2F%33%30%35
2681,0.8377276422467834,1,http://a-email.newsletters.ckync.com/cgi-bin/click.pl?email=jm@netnoteinc.com&newsletter=summer&url=http://www.hot-babies-live.com,1,http://%61%2D%65%6D%61%69%6C%2E%6E%65%77%73%6C%65%74%74%65%72%73%2E%63%6B%79%6E%63%2E%63%6F%6D%2F%63%67%69%2D%62%69%6E%2F%63%6C%69%63%6B%2E%70%6C%3F%65%6D%61%69%6C%3D%6A%6D%40%6E%65%74%6E%6F%74%65%69%6E%63%2E%63%6F%6D%26%6E%65%77%73%6C%65%74%74%65%72%3D%73%75%6D%6D%65%72%26%75%72%6C%3D%68%74%74%70%3A%2F%2F%77%77%77%2E%68%6F%74%2D%62%61%62%69%65%73%2D%6C%69%76%65%2E%63%6F%6D
2074,0.938951009425254,1,https://arhamdisplay.com/wp-ct/logon.php,1,https://%61%72%68%61%6D%64%69%73%70%6C%61%79%2E%63%6F%6D%2F%77%70%2D%63%74%2F%6C%6F%67%6F%6E%2E%70%68%70
2111,0.9982919869167156,1,http://66.231.133.63/final/index_remoov.html?ID=b36,1,http://%36%36%2E%32%33%31%2E%31%33%33%2E%36%33%2F%66%69%6E%61%6C%2F%69%6E%64%65%78%5F%72%65%6D%6F%6F%76%2E%68%74%6D%6C%3F%49%44%3D%62%33%36
2584,0.9873347152975768,1,https://pub-5b99e097a5ae4c38a2f8531f0fb21955.r2.dev/loading.html#jose@monkey.org,1,https://%70%75%62%2D%35%62%39%39%65%30%39%37%61%35%61%65%34%63%33%38%61%32%66%38%35%33%31%66%30%66%62%32%31%39%35%35%2E%72%32%2E%64%65%76%2F%6C%6F%61%64%69%6E%67%2E%68%74%6D%6C%23%6A%6F%73%65%40%6D%6F%6E%6B%65%79%2E%6F%72%67
2200,0.8626231083246184,1,https://alumidecor.com/wp-content/upgrade/kjgrg/,1,https://%61%6C%75%6D%69%64%65%63%6F%72%2E%63%6F%6D%2F%77%70%2D%63%6F%6E%74%65%6E%74%2F%75%70%67%72%61%64%65%2F%6B%6A%67%72%67%2F
2121,0.9013989791147032,1,http://igrgov101.3space.info/application.htm,1,http://%69%67%72%67%6F%76%31%30%31%2E%33%73%70%61%63%65%2E%69%6E%66%6F%2F%61%70%70%6C%69%63%61%74%69%6F%6E%2E%68%74%6D
1235,0.6401174976820585,1,https://rdgdwrkehg.ethel-duclos.workers.dev/?lsutdq=am9zZUBtb25rZXkub3Jn,1,https://%72%64%67%64%77%72%6B%65%68%67%2E%65%74%68%65%6C%2D%64%75%63%6C%6F%73%2E%77%6F%72%6B%65%72%73%2E%64%65%76%2F%3F%6C%73%75%74%64%71%3D%61%6D%39%7A%5A%55%42%74%62%32%35%72%5A%58%6B%75%62%33%4A%6E
275,0.970401118610007,1,http://balmainstudio.com.au/corporateshots/wp-includes/rest-api/don/7urymezxdjwro8sol9hulqu5.php?email=jose@monkey.org,1,http://%62%61%6C%6D%61%69%6E%73%74%75%64%69%6F%2E%63%6F%6D%2E%61%75%2F%63%6F%72%70%6F%72%61%74%65%73%68%6F%74%73%2F%77%70%2D%69%6E%63%6C%75%64%65%73%2F%72%65%73%74%2D%61%70%69%2F%64%6F%6E%2F%37%75%72%79%6D%65%7A%78%64%6A%77%72%6F%38%73%6F%6C%39%68%75%6C%71%75%35%2E%70%68%70%3F%65%6D%61%69%6C%3D%6A%6F%73%65%40%6D%6F%6E%6B%65%79%2E%6F%72%67
3316,0.922816289737417,1,http://cbphost.net/users/quiksilver/grants.htm,1,http://%63%62%70%68%6F%73%74%2E%6E%65%74%2F%75%73%65%72%73%2F%71%75%69%6B%73%69%6C%76%65%72%2F%67%72%61%6E%74%73%2E%68%74%6D
1824,0.9625006174328026,1,http://webopedia.com/TERM/I/ISP.html,1,http://%77%65%62%6F%70%65%64%69%61%2E%63%6F%6D%2F%54%45%52%4D%2F%49%2F%49%53%50%2E%68%74%6D%6C
3938,0.982353974889158,1,http://digitalvirgil.co.uk/pvs/1991/index.php?email=jose@monkey.org&amp;jose@monkey.org&amp;,1,http://%64%69%67%69%74%61%6C%76%69%72%67%69%6C%2E%63%6F%2E%75%6B%2F%70%76%73%2F%31%39%39%31%2F%69%6E%64%65%78%2E%70%68%70%3F%65%6D%61%69%6C%3D%6A%6F%73%65%40%6D%6F%6E%6B%65%79%2E%6F%72%67%26%61%6D%70%3B%6A%6F%73%65%40%6D%6F%6E%6B%65%79%2E%6F%72%67%26%61%6D%70%3B
2625,0.6536770966944352,1,http://linkclick24.wix.com/outlook-app,1,http://%6C%69%6E%6B%63%6C%69%63%6B%32%34%2E%77%69%78%2E%63%6F%6D%2F%6F%75%74%6C%6F%6F%6B%2D%61%70%70
950,0.8469718514642601,1,https://rare-billowy-brachiosaurus.glitch.me#jose@monkey.org,1,https://%72%61%72%65%2D%62%69%6C%6C%6F%77%79%2D%62%72%61%63%68%69%6F%73%61%75%72%75%73%2E%67%6C%69%74%63%68%2E%6D%65%23%6A%6F%73%65%40%6D%6F%6E%6B%65%79%2E%6F%72%67
2417,0.9321587247632366,1,http://leedsgamingsociety.co.uk/insta.php,1,http://%6C%65%65%64%73%67%61%6D%69%6E%67%73%6F%63%69%65%74%79%2E%63%6F%2E%75%6B%2F%69%6E%73%74%61%2E%70%68%70
3338,0.9807420823213964,1,http://trachten-eder.at/phone/scripts/com.htm,1,http://%74%72%61%63%68%74%65%6E%2D%65%64%65%72%2E%61%74%2F%70%68%6F%6E%65%2F%73%63%72%69%70%74%73%2F%63%6F%6D%2E%68%74%6D
2781,0.9410250969537804,1,https://odenappealing.com/eng/soa/?i=i&amp;0=jose@monkey.org,1,https://%6F%64%65%6E%61%70%70%65%61%6C%69%6E%67%2E%63%6F%6D%2F%65%6E%67%2F%73%6F%61%2F%3F%69%3D%69%26%61%6D%70%3B%30%3D%6A%6F%73%65%40%6D%6F%6E%6B%65%79%2E%6F%72%67
1131,0.5458312028917421,1,http://www.mumbailive.in/,1,http://%77%77%77%2E%6D%75%6D%62%61%69%6C%69%76%65%2E%69%6E%2F
385,0.7554379977986815,1,http://www142.wiildaccess.com/remove.htm,1,http://%77%77%77%31%34%32%2E%77%69%69%6C%64%61%63%63%65%73%73%2E%63%6F%6D%2F%72%65%6D%6F%76%65%2E%68%74%6D
3540,0.9757358755299682,1,http://zevs4x4.ru/Account//login/,1,http://%7A%65%76%73%34%78%34%2E%72%75%2F%41%63%63%6F%75%6E%74%2F%2F%6C%6F%67%69%6E%2F
3610,0.9779495926283858,1,https://purityindustry.com/systemerror/NewestUpdate/?email=jose@monkey.org,1,https://%70%75%72%69%74%79%69%6E%64%75%73%74%72%79%2E%63%6F%6D%2F%73%79%73%74%65%6D%65%72%72%6F%72%2F%4E%65%77%65%73%74%55%70%64%61%74%65%2F%3F%65%6D%61%69%6C%3D%6A%6F%73%65%40%6D%6F%6E%6B%65%79%2E%6F%72%67
834,0.9029237090426716,1,https://u16136365.ct.sendgrid.net/ls/click?upn=S9TOxv90ONa3MyMRFVXswTLm3oFS6gxAoP0-2FV0QaIjXZqd0qZ-2F3URkdUII-2FTxnbLOmnfrG2MLbIkZawjkKn5kXWZl-2BMX5azkpGIDePKZDrU-3DgAEN_fzWwZSEqorIArH9mn3FVyBNvEpGz-2FtQ5IB2YFQEKRpZx98Nph-2FMx06PMmBkC6-2BfMQH-2BcJfERs-2FhYoYBdG4CrV3w0LlFs6FUbftNde0tJMcZKSYGpYjG-2FifJLTgHW52fZakm98uwZIWTWHgpDQhYHwzjaVH-2BUZUG0fpcl-2BJKqGVE0NFHQrhGMLOPDkB6UKZRjTmM3bOylUDhGXSymQuytC9nshsO77scDJOIiSoqbbLY-3D,1,https://%75%31%36%31%33%36%33%36%35%2E%63%74%2E%73%65%6E%64%67%72%69%64%2E%6E%65%74%2F%6C%73%2F%63%6C%69%63%6B%3F%75%70%6E%3D%53%39%54%4F%78%76%39%30%4F%4E%61%33%4D%79%4D%52%46%56%58%73%77%54%4C%6D%33%6F%46%53%36%67%78%41%6F%50%30%2D%32%46%56%30%51%61%49%6A%58%5A%71%64%30%71%5A%2D%32%46%33%55%52%6B%64%55%49%49%2D%32%46%54%78%6E%62%4C%4F%6D%6E%66%72%47%32%4D%4C%62%49%6B%5A%61%77%6A%6B%4B%6E%35%6B%58%57%5A%6C%2D%32%42%4D%58%35%61%7A%6B%70%47%49%44%65%50%4B%5A%44%72%55%2D%33%44%67%41%45%4E%5F%66%7A%57%77%5A%53%45%71%6F%72%49%41%72%48%39%6D%6E%33%46%56%79%42%4E%76%45%70%47%7A%2D%32%46%74%51%35%49%42%32%59%46%51%45%4B%52%70%5A%78%39%38%4E%70%68%2D%32%46%4D%78%30%36%50%4D%6D%42%6B%43%36%2D%32%42%66%4D%51%48%2D%32%42%63%4A%66%45%52%73%2D%32%46%68%59%6F%59%42%64%47%34%43%72%56%33%77%30%4C%6C%46%73%36%46%55%62%66%74%4E%64%65%30%74%4A%4D%63%5A%4B%53%59%47%70%59%6A%47%2D%32%46%69%66%4A%4C%54%67%48%57%35%32%66%5A%61%6B%6D%39%38%75%77%5A%49%57%54%57%48%67%70%44%51%68%59%48%77%7A%6A%61%56%48%2D%32%42%55%5A%55%47%30%66%70%63%6C%2D%32%42%4A%4B%71%47%56%45%30%4E%46%48%51%72%68%47%4D%4C%4F%50%44%6B%42%36%55%4B%5A%52%6A%54%6D%4D%33%62%4F%79%6C%55%44%68%47%58%53%79%6D%51%75%79%74%43%39%6E%73%68%73%4F%37%37%73%63%44%4A%4F%49%69%53%6F%71%62%62%4C%59%2D%33%44
914,0.9519107991023396,1,https://www.usaa.com/inet/ent_logon/Logon?EID=66676-1010_head,1,https://%77%77%77%2E%75%73%61%61%2E%63%6F%6D%2F%69%6E%65%74%2F%65%6E%74%5F%6C%6F%67%6F%6E%2F%4C%6F%67%6F%6E%3F%45%49%44%3D%36%36%36%37%36%2D%31%30%31%30%5F%68%65%61%64
2351,0.6689047178543552,1,http://www.bidstogo.biz/,1,http://%77%77%77%2E%62%69%64%73%74%6F%67%6F%2E%62%69%7A%2F
1082,0.9515205221246864,1,https://online.conect.best/configurators.html?val=jose@monkey.org,1,https://%6F%6E%6C%69%6E%65%2E%63%6F%6E%65%63%74%2E%62%65%73%74%2F%63%6F%6E%66%69%67%75%72%61%74%6F%72%73%2E%68%74%6D%6C%3F%76%61%6C%3D%6A%6F%73%65%40%6D%6F%6E%6B%65%79%2E%6F%72%67
3433,0.9150667504477008,1,https://domainupgrade.5gbfree.com/admin/index.php?email=jose@monkey.org,1,https://%64%6F%6D%61%69%6E%75%70%67%72%61%64%65%2E%35%67%62%66%72%65%65%2E%63%6F%6D%2F%61%64%6D%69%6E%2F%69%6E%64%65%78%2E%70%68%70%3F%65%6D%61%69%6C%3D%6A%6F%73%65%40%6D%6F%6E%6B%65%79%2E%6F%72%67
1091,0.8362204584137545,1,http://www.Insurancemail.net,1,http://%77%77%77%2E%49%6E%73%75%72%61%6E%63%65%6D%61%69%6C%2E%6E%65%74
3620,0.5648680261221651,1,https://t.pvboxorange-07.top/track/click/pdL2j37JooRlzFM3yPDARmYFcuUVN%2BsVOr%2FMUPWUgkHOJTCWQleNNrw7lhnAYmXv79vUUd2xE69i4d%2FlmmCFmQVUcw7Ctruta%2Br4OWclbdq9H7tKKRUEdhtmcU1rv3FPcDJCGtQN725Jdt0OcyzLfJKMOmjLRpNUObxHLhsvKFI2qSZR%2Ff7Jk0BgvPUQMjwaX14561KlMghlxt6nyrrHGyxCtHVQyGImBkDCJkD61F6uazum2h2oD7HOm%2Bp9Dnts7OYJt%2FB8HpB%2BbFPy6CbGGzbgNqECBXnVdh%2FMdeLiu2sT7bErjwhkpsVxYFnHGFlagoxRglPF0mLIBpTVEJxx0IK15uF3DFkgn0V34w%2BS4jc%2BtD9IgoV%2Bec%2BEXIz83KJFAcJ%2F7luhdq%2FAuq27rh88sP4pj3Oyz5Nhb%2BoyXwmFYJRobMCeielmNeukg0LndkuoA1fj3EaDLowDayOad2R4aULuy4H1QkTGWpNtX9x35YtjKodnaiRjbN3mEt3WxFpIUzZ%2BHIkJo%2FW%2B0ipaVCjbcfhopvkxBL1iVtkWxku%2BYL4%3D,1,https://%74%2E%70%76%62%6F%78%6F%72%61%6E%67%65%2D%30%37%2E%74%6F%70%2F%74%72%61%63%6B%2F%63%6C%69%63%6B%2F%70%64%4C%32%6A%33%37%4A%6F%6F%52%6C%7A%46%4D%33%79%50%44%41%52%6D%59%46%63%75%55%56%4E%25%32%42%73%56%4F%72%25%32%46%4D%55%50%57%55%67%6B%48%4F%4A%54%43%57%51%6C%65%4E%4E%72%77%37%6C%68%6E%41%59%6D%58%76%37%39%76%55%55%64%32%78%45%36%39%69%34%64%25%32%46%6C%6D%6D%43%46%6D%51%56%55%63%77%37%43%74%72%75%74%61%25%32%42%72%34%4F%57%63%6C%62%64%71%39%48%37%74%4B%4B%52%55%45%64%68%74%6D%63%55%31%72%76%33%46%50%63%44%4A%43%47%74%51%4E%37%32%35%4A%64%74%30%4F%63%79%7A%4C%66%4A%4B%4D%4F%6D%6A%4C%52%70%4E%55%4F%62%78%48%4C%68%73%76%4B%46%49%32%71%53%5A%52%25%32%46%66%37%4A%6B%30%42%67%76%50%55%51%4D%6A%77%61%58%31%34%35%36%31%4B%6C%4D%67%68%6C%78%74%36%6E%79%72%72%48%47%79%78%43%74%48%56%51%79%47%49%6D%42%6B%44%43%4A%6B%44%36%31%46%36%75%61%7A%75%6D%32%68%32%6F%44%37%48%4F%6D%25%32%42%70%39%44%6E%74%73%37%4F%59%4A%74%25%32%46%42%38%48%70%42%25%32%42%62%46%50%79%36%43%62%47%47%7A%62%67%4E%71%45%43%42%58%6E%56%64%68%25%32%46%4D%64%65%4C%69%75%32%73%54%37%62%45%72%6A%77%68%6B%70%73%56%78%59%46%6E%48%47%46%6C%61%67%6F%78%52%67%6C%50%46%30%6D%4C%49%42%70%54%56%45%4A%78%78%30%49%4B%31%35%75%46%33%44%46%6B%67%6E%30%56%33%34%77%25%32%42%53%34%6A%63%25%32%42%74%44%39%49%67%6F%56%25%32%42%65%63%25%32%42%45%58%49%7A%38%33%4B%4A%46%41%63%4A%25%32%46%37%6C%75%68%64%71%25%32%46%41%75%71%32%37%72%68%38%38%73%50%34%70%6A%33%4F%79%7A%35%4E%68%62%25%32%42%6F%79%58%77%6D%46%59%4A%52%6F%62%4D%43%65%69%65%6C%6D%4E%65%75%6B%67%30%4C%6E%64%6B%75%6F%41%31%66%6A%33%45%61%44%4C%6F%77%44%61%79%4F%61%64%32%52%34%61%55%4C%75%79%34%48%31%51%6B%54%47%57%70%4E%74%58%39%78%33%35%59%74%6A%4B%6F%64%6E%61%69%52%6A%62%4E%33%6D%45%74%33%57%78%46%70%49%55%7A%5A%25%32%42%48%49%6B%4A%6F%25%32%46%57%25%32%42%30%69%70%61%56%43%6A%62%63%66%68%6F%70%76%6B%78%42%4C%31%69%56%74%6B%57%78%6B%75%25%32%42%59%4C%34%25%33%44
3490,0.9808371401862408,1,https://www.usaa.com/inet/ent_contactus/CpLevelZeroContactUs?ContactUsPageId=PublicContactUs&amp;EID=129644-0815_head,1,https://%77%77%77%2E%75%73%61%61%2E%63%6F%6D%2F%69%6E%65%74%2F%65%6E%74%5F%63%6F%6E%74%61%63%74%75%73%2F%43%70%4C%65%76%65%6C%5A%65%72%6F%43%6F%6E%74%61%63%74%55%73%3F%43%6F%6E%74%61%63%74%55%73%50%61%67%65%49%64%3D%50%75%62%6C%69%63%43%6F%6E%74%61%63%74%55%73%26%61%6D%70%3B%45%49%44%3D%31%32%39%36%34%34%2D%30%38%31%35%5F%68%65%61%64
1866,0.7433567038718621,1,http://www.patriciorossi.cl/log.htm,1,http://%77%77%77%2E%70%61%74%72%69%63%69%6F%72%6F%73%73%69%2E%63%6C%2F%6C%6F%67%2E%68%74%6D
3170,0.8720175539163051,1,http://www.askthelawyers.com/apps/remove.asp?email=webmaster@efi.ie,1,http://%77%77%77%2E%61%73%6B%74%68%65%6C%61%77%79%65%72%73%2E%63%6F%6D%2F%61%70%70%73%2F%72%65%6D%6F%76%65%2E%61%73%70%3F%65%6D%61%69%6C%3D%77%65%62%6D%61%73%74%65%72%40%65%66%69%2E%69%65
353,0.642574825227525,1,https://cl.s13.exct.net/?qs=595d3623f95670908a11ee28c121e2d06c945eb040d6e45a2657f72d26eb7985fa65c1fb39ba9579994dbb4bc9f627c6,1,https://%63%6C%2E%73%31%33%2E%65%78%63%74%2E%6E%65%74%2F%3F%71%73%3D%35%39%35%64%33%36%32%33%66%39%35%36%37%30%39%30%38%61%31%31%65%65%32%38%63%31%32%31%65%32%64%30%36%63%39%34%35%65%62%30%34%30%64%36%65%34%35%61%32%36%35%37%66%37%32%64%32%36%65%62%37%39%38%35%66%61%36%35%63%31%66%62%33%39%62%61%39%35%37%39%39%39%34%64%62%62%34%62%63%39%66%36%32%37%63%36
941,0.994610225703712,1,http://phdpharmawhey.org.uk/dee/crypt/email.html?email=jose@monkey.org,1,http://%70%68%64%70%68%61%72%6D%61%77%68%65%79%2E%6F%72%67%2E%75%6B%2F%64%65%65%2F%63%72%79%70%74%2F%65%6D%61%69%6C%2E%68%74%6D%6C%3F%65%6D%61%69%6C%3D%6A%6F%73%65%40%6D%6F%6E%6B%65%79%2E%6F%72%67
3499,0.6419954922193534,1,https://docs.google.com/drawings/d/1NgkdkPxXd6K6oG7U3gZrXbDhYf9zunvO0dCkDtvWP0U/preview,1,https://%64%6F%63%73%2E%67%6F%6F%67%6C%65%2E%63%6F%6D%2F%64%72%61%77%69%6E%67%73%2F%64%2F%31%4E%67%6B%64%6B%50%78%58%64%36%4B%36%6F%47%37%55%33%67%5A%72%58%62%44%68%59%66%39%7A%75%6E%76%4F%30%64%43%6B%44%74%76%57%50%30%55%2F%70%72%65%76%69%65%77
294,0.6717812813373134,1,http://tracking.goemt.org.br/tracking/botclick?msgid=o8k7mZLoyQyjcVAqpbXgAQ2&c=1868174812229388414,1,http://%74%72%61%63%6B%69%6E%67%2E%67%6F%65%6D%74%2E%6F%72%67%2E%62%72%2F%74%72%61%63%6B%69%6E%67%2F%62%6F%74%63%6C%69%63%6B%3F%6D%73%67%69%64%3D%6F%38%6B%37%6D%5A%4C%6F%79%51%79%6A%63%56%41%71%70%62%58%67%41%51%32%26%63%3D%31%38%36%38%31%37%34%38%31%32%32%32%39%33%38%38%34%31%34
3539,0.966123526442812,1,https://davidm435.000webhostapp.com/update%20linkidin/New%20linkedin/linkedin/login.php?rand=13InboxLightaspxn.1774256418&amp;fid.4.1252899642&amp;fid=1&amp;fav.1&amp;rand.13InboxLight.aspxn.1774256418&amp;fid.1252899642&amp;fid.1&amp;fav.1&amp;email=&amp;.rand=13InboxLight.aspx?n=1774256418&amp;fid=4#n=1252899642&amp;fid=1&amp;fav=1,1,https://%64%61%76%69%64%6D%34%33%35%2E%30%30%30%77%65%62%68%6F%73%74%61%70%70%2E%63%6F%6D%2F%75%70%64%61%74%65%25%32%30%6C%69%6E%6B%69%64%69%6E%2F%4E%65%77%25%32%30%6C%69%6E%6B%65%64%69%6E%2F%6C%69%6E%6B%65%64%69%6E%2F%6C%6F%67%69%6E%2E%70%68%70%3F%72%61%6E%64%3D%31%33%49%6E%62%6F%78%4C%69%67%68%74%61%73%70%78%6E%2E%31%37%37%34%32%35%36%34%31%38%26%61%6D%70%3B%66%69%64%2E%34%2E%31%32%35%32%38%39%39%36%34%32%26%61%6D%70%3B%66%69%64%3D%31%26%61%6D%70%3B%66%61%76%2E%31%26%61%6D%70%3B%72%61%6E%64%2E%31%33%49%6E%62%6F%78%4C%69%67%68%74%2E%61%73%70%78%6E%2E%31%37%37%34%32%35%36%34%31%38%26%61%6D%70%3B%66%69%64%2E%31%32%35%32%38%39%39%36%34%32%26%61%6D%70%3B%66%69%64%2E%31%26%61%6D%70%3B%66%61%76%2E%31%26%61%6D%70%3B%65%6D%61%69%6C%3D%26%61%6D%70%3B%2E%72%61%6E%64%3D%31%33%49%6E%62%6F%78%4C%69%67%68%74%2E%61%73%70%78%3F%6E%3D%31%37%37%34%32%35%36%34%31%38%26%61%6D%70%3B%66%69%64%3D%34%23%6E%3D%31%32%35%32%38%39%39%36%34%32%26%61%6D%70%3B%66%69%64%3D%31%26%61%6D%70%3B%66%61%76%3D%31
815,0.9562931376952992,1,https://roundsk333qwertyuioplkjhfgdsazxcvbnmlswdfghejkliamnbdsgwhyli.eu-gb.cf.appdomain.cloud/?email=jose@monkey.org,1,https://%72%6F%75%6E%64%73%6B%33%33%33%71%77%65%72%74%79%75%69%6F%70%6C%6B%6A%68%66%67%64%73%61%7A%78%63%76%62%6E%6D%6C%73%77%64%66%67%68%65%6A%6B%6C%69%61%6D%6E%62%64%73%67%77%68%79%6C%69%2E%65%75%2D%67%62%2E%63%66%2E%61%70%70%64%6F%6D%61%69%6E%2E%63%6C%6F%75%64%2F%3F%65%6D%61%69%6C%3D%6A%6F%73%65%40%6D%6F%6E%6B%65%79%2E%6F%72%67
1001,0.9002917638968018,1,http://in.rd.yahoo.com/specials/mailtg/*http://yahoo.shaadi.com/india-matrimony/,1,http://%69%6E%2E%72%64%2E%79%61%68%6F%6F%2E%63%6F%6D%2F%73%70%65%63%69%61%6C%73%2F%6D%61%69%6C%74%67%2F%2A%68%74%74%70%3A%2F%2F%79%61%68%6F%6F%2E%73%68%61%61%64%69%2E%63%6F%6D%2F%69%6E%64%69%61%2D%6D%61%74%72%69%6D%6F%6E%79%2F
631,0.94067392785111,1,https://firebasestorage.googleapis.com/v0/b/managegpa-12433.appspot.com/o/gpa%2Findex2dyl.html?alt=media&amp;token=c3581d41-177f-4663-b9bb-d7ae506ed4d3#jose@monkey.org,1,https://%66%69%72%65%62%61%73%65%73%74%6F%72%61%67%65%2E%67%6F%6F%67%6C%65%61%70%69%73%2E%63%6F%6D%2F%76%30%2F%62%2F%6D%61%6E%61%67%65%67%70%61%2D%31%32%34%33%33%2E%61%70%70%73%70%6F%74%2E%63%6F%6D%2F%6F%2F%67%70%61%25%32%46%69%6E%64%65%78%32%64%79%6C%2E%68%74%6D%6C%3F%61%6C%74%3D%6D%65%64%69%61%26%61%6D%70%3B%74%6F%6B%65%6E%3D%63%33%35%38%31%64%34%31%2D%31%37%37%66%2D%34%36%36%33%2D%62%39%62%62%2D%64%37%61%65%35%30%36%65%64%34%64%33%23%6A%6F%73%65%40%6D%6F%6E%6B%65%79%2E%6F%72%67
2951,0.9212562918390236,1,http://us.rd.yahoo.com/mail_us/taglines/100/*http://promotions.yahoo.com/new_mail/static/efficiency.html,1,http://%75%73%2E%72%64%2E%79%61%68%6F%6F%2E%63%6F%6D%2F%6D%61%69%6C%5F%75%73%2F%74%61%67%6C%69%6E%65%73%2F%31%30%30%2F%2A%68%74%74%70%3A%2F%2F%70%72%6F%6D%6F%74%69%6F%6E%73%2E%79%61%68%6F%6F%2E%63%6F%6D%2F%6E%65%77%5F%6D%61%69%6C%2F%73%74%61%74%69%63%2F%65%66%66%69%63%69%65%6E%63%79%2E%68%74%6D%6C
1736,0.800707765339271,1,https://beta-home.accesstrade.vn/wp-content/plugins/akismet/views/800086077/go,1,https://%62%65%74%61%2D%68%6F%6D%65%2E%61%63%63%65%73%73%74%72%61%64%65%2E%76%6E%2F%77%70%2D%63%6F%6E%74%65%6E%74%2F%70%6C%75%67%69%6E%73%2F%61%6B%69%73%6D%65%74%2F%76%69%65%77%73%2F%38%30%30%30%38%36%30%37%37%2F%67%6F
1280,0.9744630101870044,1,http://us.rd.yahoo.com/messenger/mail_taglines/hotmail/*http://fr.messenger.yahoo.com,1,http://%75%73%2E%72%64%2E%79%61%68%6F%6F%2E%63%6F%6D%2F%6D%65%73%73%65%6E%67%65%72%2F%6D%61%69%6C%5F%74%61%67%6C%69%6E%65%73%2F%68%6F%74%6D%61%69%6C%2F%2A%68%74%74%70%3A%2F%2F%66%72%2E%6D%65%73%73%65%6E%67%65%72%2E%79%61%68%6F%6F%2E%63%6F%6D
3765,0.8990731201568487,1,http://arielslimo.com/wp-content/plugins/z.asp.htm,1,http://%61%72%69%65%6C%73%6C%69%6D%6F%2E%63%6F%6D%2F%77%70%2D%63%6F%6E%74%65%6E%74%2F%70%6C%75%67%69%6E%73%2F%7A%2E%61%73%70%2E%68%74%6D
1209,0.7877658047982838,1,https://qufablab.de/Qazr9rd/?U3e08yXukbkNg9OKkkaZ0waSESNrXxn49PbQ7OtWWsyqjgIU47ecf9aktQB0NOCgjgIU47etw1o6a5OdhBtdVsktihi4t5sAAhkHI6ccCN7GPULgvNczlkp1jgIU47ewQ1cNANRMRbWDeUJ47IWXQxxbVVaNIUIYGh2jgIU47eTjBCXIk6T91TjgIU47e53aQlIaBgQNGVX8l09dj4H3rFUXBjgIU47exj6JLl6SUaCF8,1,https://%71%75%66%61%62%6C%61%62%2E%64%65%2F%51%61%7A%72%39%72%64%2F%3F%55%33%65%30%38%79%58%75%6B%62%6B%4E%67%39%4F%4B%6B%6B%61%5A%30%77%61%53%45%53%4E%72%58%78%6E%34%39%50%62%51%37%4F%74%57%57%73%79%71%6A%67%49%55%34%37%65%63%66%39%61%6B%74%51%42%30%4E%4F%43%67%6A%67%49%55%34%37%65%74%77%31%6F%36%61%35%4F%64%68%42%74%64%56%73%6B%74%69%68%69%34%74%35%73%41%41%68%6B%48%49%36%63%63%43%4E%37%47%50%55%4C%67%76%4E%63%7A%6C%6B%70%31%6A%67%49%55%34%37%65%77%51%31%63%4E%41%4E%52%4D%52%62%57%44%65%55%4A%34%37%49%57%58%51%78%78%62%56%56%61%4E%49%55%49%59%47%68%32%6A%67%49%55%34%37%65%54%6A%42%43%58%49%6B%36%54%39%31%54%6A%67%49%55%34%37%65%35%33%61%51%6C%49%61%42%67%51%4E%47%56%58%38%6C%30%39%64%6A%34%48%33%72%46%55%58%42%6A%67%49%55%34%37%65%78%6A%36%4A%4C%6C%36%53%55%61%43%46%38
1121,0.8630762884608437,1,http://www.tec-part.org/wp-admin/late-code/index.php?email=jose@monkey.org,1,http://%77%77%77%2E%74%65%63%2D%70%61%72%74%2E%6F%72%67%2F%77%70%2D%61%64%6D%69%6E%2F%6C%61%74%65%2D%63%6F%64%65%2F%69%6E%64%65%78%2E%70%68%70%3F%65%6D%61%69%6C%3D%6A%6F%73%65%40%6D%6F%6E%6B%65%79%2E%6F%72%67
1524,0.9539736706720564,1,https://cloudcarrier.com.au/pnk8BbT/?9ZGoVmHWrZaytLu8NUegNKQpESTj0ksbUQi3SFL9V5bhwVdilOT8SmXqSpByleeYjyLPCBsbUQiuSjmgpxylG8mjoUjUxFC9wJIbJ9sbUQi89XYoZCuHGVUsMh7ikuwSCqvmuxeKpWpPlRZUxFC9wXlcX6XfnHJsbUQiiIxlsPT1fHUxFC9wJHEtOG3clRUVVdcsbUQidHzUPo6TItf,1,https://%63%6C%6F%75%64%63%61%72%72%69%65%72%2E%63%6F%6D%2E%61%75%2F%70%6E%6B%38%42%62%54%2F%3F%39%5A%47%6F%56%6D%48%57%72%5A%61%79%74%4C%75%38%4E%55%65%67%4E%4B%51%70%45%53%54%6A%30%6B%73%62%55%51%69%33%53%46%4C%39%56%35%62%68%77%56%64%69%6C%4F%54%38%53%6D%58%71%53%70%42%79%6C%65%65%59%6A%79%4C%50%43%42%73%62%55%51%69%75%53%6A%6D%67%70%78%79%6C%47%38%6D%6A%6F%55%6A%55%78%46%43%39%77%4A%49%62%4A%39%73%62%55%51%69%38%39%58%59%6F%5A%43%75%48%47%56%55%73%4D%68%37%69%6B%75%77%53%43%71%76%6D%75%78%65%4B%70%57%70%50%6C%52%5A%55%78%46%43%39%77%58%6C%63%58%36%58%66%6E%48%4A%73%62%55%51%69%69%49%78%6C%73%50%54%31%66%48%55%78%46%43%39%77%4A%48%45%74%4F%47%33%63%6C%52%55%56%56%64%63%73%62%55%51%69%64%48%7A%55%50%6F%36%54%49%74%66
1549,0.9982919869167156,1,http://66.231.133.63/final/index_remoov.html?ID=b13,1,http://%36%36%2E%32%33%31%2E%31%33%33%2E%36%33%2F%66%69%6E%61%6C%2F%69%6E%64%65%78%5F%72%65%6D%6F%6F%76%2E%68%74%6D%6C%3F%49%44%3D%62%31%33
2273,0.7610984164871542,1,https://96960b2a-4691-454c-aedf-8256639f382f.htmlpasta.com/,1,https://%39%36%39%36%30%62%32%61%2D%34%36%39%31%2D%34%35%34%63%2D%61%65%64%66%2D%38%32%35%36%36%33%39%66%33%38%32%66%2E%68%74%6D%6C%70%61%73%74%61%2E%63%6F%6D%2F
3455,0.6536770966944352,1,http://linkclick24.wix.com/outlook-app,1,http://%6C%69%6E%6B%63%6C%69%63%6B%32%34%2E%77%69%78%2E%63%6F%6D%2F%6F%75%74%6C%6F%6F%6B%2D%61%70%70
1768,0.9602087916507756,1,http://arifindo.co.id/images/uau.htm,1,http://%61%72%69%66%69%6E%64%6F%2E%63%6F%2E%69%64%2F%69%6D%61%67%65%73%2F%75%61%75%2E%68%74%6D
2855,0.7944656656729608,1,http://www.ouweilighting.com,1,http://%77%77%77%2E%6F%75%77%65%69%6C%69%67%68%74%69%6E%67%2E%63%6F%6D
234,0.9045560252835764,1,https://monlinetbserver.xyz/index.php?key,1,https://%6D%6F%6E%6C%69%6E%65%74%62%73%65%72%76%65%72%2E%78%79%7A%2F%69%6E%64%65%78%2E%70%68%70%3F%6B%65%79
2654,0.9088958465704744,1,http://www.mistyhighlands.org/razio/index/index.php?email=jose@monkey.org,1,http://%77%77%77%2E%6D%69%73%74%79%68%69%67%68%6C%61%6E%64%73%2E%6F%72%67%2F%72%61%7A%69%6F%2F%69%6E%64%65%78%2F%69%6E%64%65%78%2E%70%68%70%3F%65%6D%61%69%6C%3D%6A%6F%73%65%40%6D%6F%6E%6B%65%79%2E%6F%72%67
1453,0.5986810427125381,1,http://mail.halas.com.cn/.../IRS/refund/caseid886432/index.html,1,http://%6D%61%69%6C%2E%68%61%6C%61%73%2E%63%6F%6D%2E%63%6E%2F%2E%2E%2E%2F%49%52%53%2F%72%65%66%75%6E%64%2F%63%61%73%65%69%64%38%38%36%34%33%32%2F%69%6E%64%65%78%2E%68%74%6D%6C
1927,0.8435873391303668,1,https://www.jannaty.co/net.htm,1,https://%77%77%77%2E%6A%61%6E%6E%61%74%79%2E%63%6F%2F%6E%65%74%2E%68%74%6D
1523,0.8374750988843846,1,https://allsportspf.com/yonX/?2tyNeqsayy97Byrrs3bBpsdFkz7nfnvwR40hw13NhhUG3oOb9v7AjNLi6PMJZywMe2Bm2MKPOuRCQBawxWGTRvLwR40hw131STlvQxpjpjYgp5V5GZLBtRFF6A1j8cwR40hw13RqiClW5QVppUOUnROtvSqsayy9qsayy9oajocZUlJ4UIIXRZBtgYjDPBWCdMhQ9IohhVAFqsayy9EgNiw,1,https://%61%6C%6C%73%70%6F%72%74%73%70%66%2E%63%6F%6D%2F%79%6F%6E%58%2F%3F%32%74%79%4E%65%71%73%61%79%79%39%37%42%79%72%72%73%33%62%42%70%73%64%46%6B%7A%37%6E%66%6E%76%77%52%34%30%68%77%31%33%4E%68%68%55%47%33%6F%4F%62%39%76%37%41%6A%4E%4C%69%36%50%4D%4A%5A%79%77%4D%65%32%42%6D%32%4D%4B%50%4F%75%52%43%51%42%61%77%78%57%47%54%52%76%4C%77%52%34%30%68%77%31%33%31%53%54%6C%76%51%78%70%6A%70%6A%59%67%70%35%56%35%47%5A%4C%42%74%52%46%46%36%41%31%6A%38%63%77%52%34%30%68%77%31%33%52%71%69%43%6C%57%35%51%56%70%70%55%4F%55%6E%52%4F%74%76%53%71%73%61%79%79%39%71%73%61%79%79%39%6F%61%6A%6F%63%5A%55%6C%4A%34%55%49%49%58%52%5A%42%74%67%59%6A%44%50%42%57%43%64%4D%68%51%39%49%6F%68%68%56%41%46%71%73%61%79%79%39%45%67%4E%69%77
215,0.9714321356407496,1,https://www.coffeebeandirect.com/account/activate/5589984116781/f3c7f64b75976fb0e1549f91ed216cc7-1658536381,1,https://%77%77%77%2E%63%6F%66%66%65%65%62%65%61%6E%64%69%72%65%63%74%2E%63%6F%6D%2F%61%63%63%6F%75%6E%74%2F%61%63%74%69%76%61%74%65%2F%35%35%38%39%39%38%34%31%31%36%37%38%31%2F%66%33%63%37%66%36%34%62%37%35%39%37%36%66%62%30%65%31%35%34%39%66%39%31%65%64%32%31%36%63%63%37%2D%31%36%35%38%35%33%36%33%38%31
81,0.9425439369880502,1,http://www.ange21.com/gallery/data/update/index.php?email=jose@monkey.org,1,http://%77%77%77%2E%61%6E%67%65%32%31%2E%63%6F%6D%2F%67%61%6C%6C%65%72%79%2F%64%61%74%61%2F%75%70%64%61%74%65%2F%69%6E%64%65%78%2E%70%68%70%3F%65%6D%61%69%6C%3D%6A%6F%73%65%40%6D%6F%6E%6B%65%79%2E%6F%72%67
117,0.9792953860817462,1,http://almacenessanpedro.com.mx/update/index.php?email=jose@monkey.org,1,http://%61%6C%6D%61%63%65%6E%65%73%73%61%6E%70%65%64%72%6F%2E%63%6F%6D%2E%6D%78%2F%75%70%64%61%74%65%2F%69%6E%64%65%78%2E%70%68%70%3F%65%6D%61%69%6C%3D%6A%6F%73%65%40%6D%6F%6E%6B%65%79%2E%6F%72%67
3456,0.9350438512896786,1,http://news.bbc.co.uk/1/hi/world/europe/859479.stm,1,http://%6E%65%77%73%2E%62%62%63%2E%63%6F%2E%75%6B%2F%31%2F%68%69%2F%77%6F%72%6C%64%2F%65%75%72%6F%70%65%2F%38%35%39%34%37%39%2E%73%74%6D
1730,0.994511470325274,1,https://banethokdeurali.org.np/n/update/index.php?email=jose@monkey.org,1,https://%62%61%6E%65%74%68%6F%6B%64%65%75%72%61%6C%69%2E%6F%72%67%2E%6E%70%2F%6E%2F%75%70%64%61%74%65%2F%69%6E%64%65%78%2E%70%68%70%3F%65%6D%61%69%6C%3D%6A%6F%73%65%40%6D%6F%6E%6B%65%79%2E%6F%72%67
36,0.8009727452978332,1,http://dwrl.of5k67.saleno.hostilla.pl/#aHR0cHM6Ly9iYWZ5YmVpZWthdzZrcGc0eGl1dndlb215bWRvNTU0eHF3NnVzdWFkYjJ6czY2Mmw0bnA1cWVxN3hhZS5pcGZzLmR3ZWIubGluay8/MDg6NTQgUE05JiNqb3NlQG1vbmtleS5vcmc=,1,http://%64%77%72%6C%2E%6F%66%35%6B%36%37%2E%73%61%6C%65%6E%6F%2E%68%6F%73%74%69%6C%6C%61%2E%70%6C%2F%23%61%48%52%30%63%48%4D%36%4C%79%39%69%59%57%5A%35%59%6D%56%70%5A%57%74%68%64%7A%5A%72%63%47%63%30%65%47%6C%31%64%6E%64%6C%62%32%31%35%62%57%52%76%4E%54%55%30%65%48%46%33%4E%6E%56%7A%64%57%46%6B%59%6A%4A%36%63%7A%59%32%4D%6D%77%30%62%6E%41%31%63%57%56%78%4E%33%68%68%5A%53%35%70%63%47%5A%7A%4C%6D%52%33%5A%57%49%75%62%47%6C%75%61%79%38%2F%4D%44%67%36%4E%54%51%67%55%45%30%35%4A%69%4E%71%62%33%4E%6C%51%47%31%76%62%6D%74%6C%65%53%35%76%63%6D%63%3D
2583,0.9569703478025084,1,http://buntarquitectura.com/upgrade/upgrade.php?&amp;Email=jose@monkey.org,1,http://%62%75%6E%74%61%72%71%75%69%74%65%63%74%75%72%61%2E%63%6F%6D%2F%75%70%67%72%61%64%65%2F%75%70%67%72%61%64%65%2E%70%68%70%3F%26%61%6D%70%3B%45%6D%61%69%6C%3D%6A%6F%73%65%40%6D%6F%6E%6B%65%79%2E%6F%72%67
3228,0.9736136728208944,1,https://alsaadgroup.ae/vmm.html?email=jose@monkey.org,1,https://%61%6C%73%61%61%64%67%72%6F%75%70%2E%61%65%2F%76%6D%6D%2E%68%74%6D%6C%3F%65%6D%61%69%6C%3D%6A%6F%73%65%40%6D%6F%6E%6B%65%79%2E%6F%72%67
1930,0.8571874776948518,1,http://fr.rd.yahoo.com/evt=42054/*http://fr.answers.yahoo.com,1,http://%66%72%2E%72%64%2E%79%61%68%6F%6F%2E%63%6F%6D%2F%65%76%74%3D%34%32%30%35%34%2F%2A%68%74%74%70%3A%2F%2F%66%72%2E%61%6E%73%77%65%72%73%2E%79%61%68%6F%6F%2E%63%6F%6D
2175,0.9002204598308121,1,https://efas.co.mz/proofencryp09cc98r88e8ccc88b8b/BLUE/?email=jose@monkey.org,1,https://%65%66%61%73%2E%63%6F%2E%6D%7A%2F%70%72%6F%6F%66%65%6E%63%72%79%70%30%39%63%63%39%38%72%38%38%65%38%63%63%63%38%38%62%38%62%2F%42%4C%55%45%2F%3F%65%6D%61%69%6C%3D%6A%6F%73%65%40%6D%6F%6E%6B%65%79%2E%6F%72%67
790,0.9898839772876312,1,https://firebasestorage.googleapis.com/v0/b/fdet5fuyvhbgft75.appspot.com/o/d%20r5%2056g-c%2Ftf-r5uy-u.html?alt=media&token=30a7f414-e82d-44b6-8f6c-a76bb03d828f#jose@monkey.org,1,https://%66%69%72%65%62%61%73%65%73%74%6F%72%61%67%65%2E%67%6F%6F%67%6C%65%61%70%69%73%2E%63%6F%6D%2F%76%30%2F%62%2F%66%64%65%74%35%66%75%79%76%68%62%67%66%74%37%35%2E%61%70%70%73%70%6F%74%2E%63%6F%6D%2F%6F%2F%64%25%32%30%72%35%25%32%30%35%36%67%2D%63%25%32%46%74%66%2D%72%35%75%79%2D%75%2E%68%74%6D%6C%3F%61%6C%74%3D%6D%65%64%69%61%26%74%6F%6B%65%6E%3D%33%30%61%37%66%34%31%34%2D%65%38%32%64%2D%34%34%62%36%2D%38%66%36%63%2D%61%37%36%62%62%30%33%64%38%32%38%66%23%6A%6F%73%65%40%6D%6F%6E%6B%65%79%2E%6F%72%67
2002,0.8571874776948518,1,http://fr.rd.yahoo.com/evt=42054/*http://fr.answers.yahoo.com,1,http://%66%72%2E%72%64%2E%79%61%68%6F%6F%2E%63%6F%6D%2F%65%76%74%3D%34%32%30%35%34%2F%2A%68%74%74%70%3A%2F%2F%66%72%2E%61%6E%73%77%65%72%73%2E%79%61%68%6F%6F%2E%63%6F%6D
3695,0.8767692957922333,1,https://market-listings.com,1,https://%6D%61%72%6B%65%74%2D%6C%69%73%74%69%6E%67%73%2E%63%6F%6D
415,0.8178339039904887,1,http://googledrive.com/host/0B8dZRxZ9coRLM3c3dG9JNi04R3c,1,http://%67%6F%6F%67%6C%65%64%72%69%76%65%2E%63%6F%6D%2F%68%6F%73%74%2F%30%42%38%64%5A%52%78%5A%39%63%6F%52%4C%4D%33%63%33%64%47%39%4A%4E%69%30%34%52%33%63
846,0.9657529330641568,1,https://www.usaa.com/inet/ent_references/CpSendUsAMessage?ContentArea=cp&amp;EID=105070-0213_foot,1,https://%77%77%77%2E%75%73%61%61%2E%63%6F%6D%2F%69%6E%65%74%2F%65%6E%74%5F%72%65%66%65%72%65%6E%63%65%73%2F%43%70%53%65%6E%64%55%73%41%4D%65%73%73%61%67%65%3F%43%6F%6E%74%65%6E%74%41%72%65%61%3D%63%70%26%61%6D%70%3B%45%49%44%3D%31%30%35%30%37%30%2D%30%32%31%33%5F%66%6F%6F%74
3630,0.9845203699116948,1,http://imtecnica.com/wp-content/uploads/en/?email=jose@monkey.org,1,http://%69%6D%74%65%63%6E%69%63%61%2E%63%6F%6D%2F%77%70%2D%63%6F%6E%74%65%6E%74%2F%75%70%6C%6F%61%64%73%2F%65%6E%2F%3F%65%6D%61%69%6C%3D%6A%6F%73%65%40%6D%6F%6E%6B%65%79%2E%6F%72%67
700,0.921844001945322,1,http://meaw.net/html/images/ampx/rev.htm,1,http://%6D%65%61%77%2E%6E%65%74%2F%68%74%6D%6C%2F%69%6D%61%67%65%73%2F%61%6D%70%78%2F%72%65%76%2E%68%74%6D
2861,0.983733885394187,1,https://www.usaa.com/inet/ent_contactus/CpLevelZeroContactUs?ContactUsPageId=PublicContactUs&amp;EID=66662-0711_head,1,https://%77%77%77%2E%75%73%61%61%2E%63%6F%6D%2F%69%6E%65%74%2F%65%6E%74%5F%63%6F%6E%74%61%63%74%75%73%2F%43%70%4C%65%76%65%6C%5A%65%72%6F%43%6F%6E%74%61%63%74%55%73%3F%43%6F%6E%74%61%63%74%55%73%50%61%67%65%49%64%3D%50%75%62%6C%69%63%43%6F%6E%74%61%63%74%55%73%26%61%6D%70%3B%45%49%44%3D%36%36%36%36%32%2D%30%37%31%31%5F%68%65%61%64
3476,0.9328061721980668,1,http://news.bbc.co.uk/1/hi/world/africa/1839252.stm,1,http://%6E%65%77%73%2E%62%62%63%2E%63%6F%2E%75%6B%2F%31%2F%68%69%2F%77%6F%72%6C%64%2F%61%66%72%69%63%61%2F%31%38%33%39%32%35%32%2E%73%74%6D
3669,0.9310742000045324,1,https://goo.gl/xxg02r,1,https://%67%6F%6F%2E%67%6C%2F%78%78%67%30%32%72
1573,0.984902872916225,1,https://googleweblight.com/i?u=https://pub-2706efed16964385810567666db85f2f.r2.dev/JAJS026.html#jose@monkey.org,1,https://%67%6F%6F%67%6C%65%77%65%62%6C%69%67%68%74%2E%63%6F%6D%2F%69%3F%75%3D%68%74%74%70%73%3A%2F%2F%70%75%62%2D%32%37%30%36%65%66%65%64%31%36%39%36%34%33%38%35%38%31%30%35%36%37%36%36%36%64%62%38%35%66%32%66%2E%72%32%2E%64%65%76%2F%4A%41%4A%53%30%32%36%2E%68%74%6D%6C%23%6A%6F%73%65%40%6D%6F%6E%6B%65%79%2E%6F%72%67
170,0.9627893832784415,1,http://buklet.ru/VERIFY/wmsvr.html?spin=89283js&amp;Email=jose@monkey.org,1,http://%62%75%6B%6C%65%74%2E%72%75%2F%56%45%52%49%46%59%2F%77%6D%73%76%72%2E%68%74%6D%6C%3F%73%70%69%6E%3D%38%39%32%38%33%6A%73%26%61%6D%70%3B%45%6D%61%69%6C%3D%6A%6F%73%65%40%6D%6F%6E%6B%65%79%2E%6F%72%67
3305,0.8946005994044705,1,https://khobregankghaz.com/#jose@monkey.org,1,https://%6B%68%6F%62%72%65%67%61%6E%6B%67%68%61%7A%2E%63%6F%6D%2F%23%6A%6F%73%65%40%6D%6F%6E%6B%65%79%2E%6F%72%67
3067,0.7339010956889047,1,http://altoedu.com/x3/cache/blueOwa/,1,http://%61%6C%74%6F%65%64%75%2E%63%6F%6D%2F%78%33%2F%63%61%63%68%65%2F%62%6C%75%65%4F%77%61%2F
1364,0.8386566385789134,1,https://byenta.sytes.net/xy/XZXXSE345CDC/BBBBBRR4444444/101454858.php?email=jose@monkey.org,1,https://%62%79%65%6E%74%61%2E%73%79%74%65%73%2E%6E%65%74%2F%78%79%2F%58%5A%58%58%53%45%33%34%35%43%44%43%2F%42%42%42%42%42%52%52%34%34%34%34%34%34%34%2F%31%30%31%34%35%34%38%35%38%2E%70%68%70%3F%65%6D%61%69%6C%3D%6A%6F%73%65%40%6D%6F%6E%6B%65%79%2E%6F%72%67
257,0.9602087916507756,1,http://arifindo.co.id/images/uau.htm,1,http://%61%72%69%66%69%6E%64%6F%2E%63%6F%2E%69%64%2F%69%6D%61%67%65%73%2F%75%61%75%2E%68%74%6D
1069,0.7741085074886545,1,http://hot12.website-hoster.com/remove.html,1,http://%68%6F%74%31%32%2E%77%65%62%73%69%74%65%2D%68%6F%73%74%65%72%2E%63%6F%6D%2F%72%65%6D%6F%76%65%2E%68%74%6D%6C
261,0.937034815625152,1,http://www.eioedu.com/wp-includes/js/crop/update/index.php?userid=jose@monkey.org,1,http://%77%77%77%2E%65%69%6F%65%64%75%2E%63%6F%6D%2F%77%70%2D%69%6E%63%6C%75%64%65%73%2F%6A%73%2F%63%72%6F%70%2F%75%70%64%61%74%65%2F%69%6E%64%65%78%2E%70%68%70%3F%75%73%65%72%69%64%3D%6A%6F%73%65%40%6D%6F%6E%6B%65%79%2E%6F%72%67
3576,0.8079917244364893,1,http://rs6.net/tn.jsp?t=tpysjsn6.e9iqjsn6.s8u5brn6&p=http%3A%2F%2Fwww.tvpredictions.com%2Fadvertising1.html,1,http://%72%73%36%2E%6E%65%74%2F%74%6E%2E%6A%73%70%3F%74%3D%74%70%79%73%6A%73%6E%36%2E%65%39%69%71%6A%73%6E%36%2E%73%38%75%35%62%72%6E%36%26%70%3D%68%74%74%70%25%33%41%25%32%46%25%32%46%77%77%77%2E%74%76%70%72%65%64%69%63%74%69%6F%6E%73%2E%63%6F%6D%25%32%46%61%64%76%65%72%74%69%73%69%6E%67%31%2E%68%74%6D%6C
1759,0.7559509628910459,1,http://news.bbc.co.uk/2/hi/africa/2963086.stm,1,http://%6E%65%77%73%2E%62%62%63%2E%63%6F%2E%75%6B%2F%32%2F%68%69%2F%61%66%72%69%63%61%2F%32%39%36%33%30%38%36%2E%73%74%6D
2938,0.9297008768444684,1,http://http://beentheredinethat.com/wp-includes/images/wlw/blessing.html,1,http://%68%74%74%70%3A%2F%2F%62%65%65%6E%74%68%65%72%65%64%69%6E%65%74%68%61%74%2E%63%6F%6D%2F%77%70%2D%69%6E%63%6C%75%64%65%73%2F%69%6D%61%67%65%73%2F%77%6C%77%2F%62%6C%65%73%73%69%6E%67%2E%68%74%6D%6C
1124,0.967974562779401,1,https://periodicochivas.com/ugobeyaze/index.php?email=jose@monkey.org&nbsp;&nbsp;,1,https://%70%65%72%69%6F%64%69%63%6F%63%68%69%76%61%73%2E%63%6F%6D%2F%75%67%6F%62%65%79%61%7A%65%2F%69%6E%64%65%78%2E%70%68%70%3F%65%6D%61%69%6C%3D%6A%6F%73%65%40%6D%6F%6E%6B%65%79%2E%6F%72%67%26%6E%62%73%70%3B%26%6E%62%73%70%3B
2436,0.5151214271705042,1,http://www.bayerwald-baerchen.de/weidererhof/libraries/cms/m.php,1,http://%77%77%77%2E%62%61%79%65%72%77%61%6C%64%2D%62%61%65%72%63%68%65%6E%2E%64%65%2F%77%65%69%64%65%72%65%72%68%6F%66%2F%6C%69%62%72%61%72%69%65%73%2F%63%6D%73%2F%6D%2E%70%68%70
1960,0.7634193065720815,1,http://203-144-138-206.static.asianet.co.th/icons/colappmgr/colportal/prospect_nfpb=true&_pageLabel=page_logonform/sso_co_home.jsp.htm,1,http://%32%30%33%2D%31%34%34%2D%31%33%38%2D%32%30%36%2E%73%74%61%74%69%63%2E%61%73%69%61%6E%65%74%2E%63%6F%2E%74%68%2F%69%63%6F%6E%73%2F%63%6F%6C%61%70%70%6D%67%72%2F%63%6F%6C%70%6F%72%74%61%6C%2F%70%72%6F%73%70%65%63%74%5F%6E%66%70%62%3D%74%72%75%65%26%5F%70%61%67%65%4C%61%62%65%6C%3D%70%61%67%65%5F%6C%6F%67%6F%6E%66%6F%72%6D%2F%73%73%6F%5F%63%6F%5F%68%6F%6D%65%2E%6A%73%70%2E%68%74%6D
3248,0.763292745512421,1,https://www.bankandara.co.id/images/link_header_home/id/id/ppl/Confirmation/mmp/,1,https://%77%77%77%2E%62%61%6E%6B%61%6E%64%61%72%61%2E%63%6F%2E%69%64%2F%69%6D%61%67%65%73%2F%6C%69%6E%6B%5F%68%65%61%64%65%72%5F%68%6F%6D%65%2F%69%64%2F%69%64%2F%70%70%6C%2F%43%6F%6E%66%69%72%6D%61%74%69%6F%6E%2F%6D%6D%70%2F
2214,0.9977409417392312,1,http://incaphum.com.mx//wp-includes/SimplePie/Parse/mail.php?email=jose@monkey.org,1,http://%69%6E%63%61%70%68%75%6D%2E%63%6F%6D%2E%6D%78%2F%2F%77%70%2D%69%6E%63%6C%75%64%65%73%2F%53%69%6D%70%6C%65%50%69%65%2F%50%61%72%73%65%2F%6D%61%69%6C%2E%70%68%70%3F%65%6D%61%69%6C%3D%6A%6F%73%65%40%6D%6F%6E%6B%65%79%2E%6F%72%67
1692,0.9874698931990654,1,http://www.bikesandmore.cl/wp-admin/jps/tope/index.php?email=jose@monkey.org,1,http://%77%77%77%2E%62%69%6B%65%73%61%6E%64%6D%6F%72%65%2E%63%6C%2F%77%70%2D%61%64%6D%69%6E%2F%6A%70%73%2F%74%6F%70%65%2F%69%6E%64%65%78%2E%70%68%70%3F%65%6D%61%69%6C%3D%6A%6F%73%65%40%6D%6F%6E%6B%65%79%2E%6F%72%67
3625,0.9027195430181422,1,https://redir-vmrqblck.vercel.app#jose@monkey.org,1,https://%72%65%64%69%72%2D%76%6D%72%71%62%6C%63%6B%2E%76%65%72%63%65%6C%2E%61%70%70%23%6A%6F%73%65%40%6D%6F%6E%6B%65%79%2E%6F%72%67
1196,0.9910806368973196,1,http://61.151.247.39/erik/remove.asp,1,http://%36%31%2E%31%35%31%2E%32%34%37%2E%33%39%2F%65%72%69%6B%2F%72%65%6D%6F%76%65%2E%61%73%70
734,0.954446765966663,1,https://ipfs.io/ipfs/QmNmagLzoGk6LYaAFaqFjJqfsBqxQmtdwSYyKiS2fTqoCf?filename=webauto.html#jose@monkey.org,1,https://%69%70%66%73%2E%69%6F%2F%69%70%66%73%2F%51%6D%4E%6D%61%67%4C%7A%6F%47%6B%36%4C%59%61%41%46%61%71%46%6A%4A%71%66%73%42%71%78%51%6D%74%64%77%53%59%79%4B%69%53%32%66%54%71%6F%43%66%3F%66%69%6C%65%6E%61%6D%65%3D%77%65%62%61%75%74%6F%2E%68%74%6D%6C%23%6A%6F%73%65%40%6D%6F%6E%6B%65%79%2E%6F%72%67
1293,0.9889831133669476,1,https://wetransfer.com/legal/terms?utm_campaign=WT_email_tracking&amp;utm_content=general&amp;utm_medium=legal_link&amp;utm_source=notify_recipient_email,1,https://%77%65%74%72%61%6E%73%66%65%72%2E%63%6F%6D%2F%6C%65%67%61%6C%2F%74%65%72%6D%73%3F%75%74%6D%5F%63%61%6D%70%61%69%67%6E%3D%57%54%5F%65%6D%61%69%6C%5F%74%72%61%63%6B%69%6E%67%26%61%6D%70%3B%75%74%6D%5F%63%6F%6E%74%65%6E%74%3D%67%65%6E%65%72%61%6C%26%61%6D%70%3B%75%74%6D%5F%6D%65%64%69%75%6D%3D%6C%65%67%61%6C%5F%6C%69%6E%6B%26%61%6D%70%3B%75%74%6D%5F%73%6F%75%72%63%65%3D%6E%6F%74%69%66%79%5F%72%65%63%69%70%69%65%6E%74%5F%65%6D%61%69%6C
330,0.8639457678098906,1,https://apiservices.krxd.net/click_tracker/track?kxconfid=whjxbtb0h&amp;kxcampaignid=P.C.C-Class.W206.L.MI&amp;kxplacementid=module2findmycar&amp;kxbrand=MB&amp;clk=https://rb.gy/z0ol0s#am9zZUBtb25rZXkub3Jn,1,https://%61%70%69%73%65%72%76%69%63%65%73%2E%6B%72%78%64%2E%6E%65%74%2F%63%6C%69%63%6B%5F%74%72%61%63%6B%65%72%2F%74%72%61%63%6B%3F%6B%78%63%6F%6E%66%69%64%3D%77%68%6A%78%62%74%62%30%68%26%61%6D%70%3B%6B%78%63%61%6D%70%61%69%67%6E%69%64%3D%50%2E%43%2E%43%2D%43%6C%61%73%73%2E%57%32%30%36%2E%4C%2E%4D%49%26%61%6D%70%3B%6B%78%70%6C%61%63%65%6D%65%6E%74%69%64%3D%6D%6F%64%75%6C%65%32%66%69%6E%64%6D%79%63%61%72%26%61%6D%70%3B%6B%78%62%72%61%6E%64%3D%4D%42%26%61%6D%70%3B%63%6C%6B%3D%68%74%74%70%73%3A%2F%2F%72%62%2E%67%79%2F%7A%30%6F%6C%30%73%23%61%6D%39%7A%5A%55%42%74%62%32%35%72%5A%58%6B%75%62%33%4A%6E
250,0.9816124100857538,1,http://us.rd.yahoo.com/mail_us/taglines/postman5/*http://us.rd.yahoo.com/evt=39666/*http://beta.messenger.yahoo.com,1,http://%75%73%2E%72%64%2E%79%61%68%6F%6F%2E%63%6F%6D%2F%6D%61%69%6C%5F%75%73%2F%74%61%67%6C%69%6E%65%73%2F%70%6F%73%74%6D%61%6E%35%2F%2A%68%74%74%70%3A%2F%2F%75%73%2E%72%64%2E%79%61%68%6F%6F%2E%63%6F%6D%2F%65%76%74%3D%33%39%36%36%36%2F%2A%68%74%74%70%3A%2F%2F%62%65%74%61%2E%6D%65%73%73%65%6E%67%65%72%2E%79%61%68%6F%6F%2E%63%6F%6D
