number_of_text_plain_sections,number_of_text_html_sections,number_of_image_sections,number_of_application_sections,ratio_text_plain_to_any_text_sections,length_of_text_in_text_html_section,index_charset_first_sec,num_unique_charset,num_standart_header,num_in_reply_to,num_received,exist_x_mailer,exist_user_agent,mime_version,case_var_MV,length_message_id,ascii_boundary_char,existence_of_domain,is_id_part_hex,is_id_part_decimal,existence_of_dots_in_id_part,existence_of_special_chars_in_id_part,is_domain_part_hex,is_domain_part_decimal,existence_of_dots_in_domain_part,existence_of_special_chars_in_domain_part,num_From_header_tags_in_thread,num_ofToheader_tags_in_thread,num_ofunique_To_addresses_in_thread,num_ofunique_Reply-To_addresses_in_thread,num_ofuniquedomains_in_all_email_addresses,ratio_unique_To_domains_to_unique_domains_in_all_addresses,num_Cc_addresses,num_Bcc_addresses,num_of_Sender_addresses,IsReturn_Path_identical_to_Reply_To,num_ofTo_domains_identical_to_From_domain,num_ofCc_domains_identical_to_From_domain,num_ofBcc_domains_identical_to_From_domain,IsFrom_domain_same_as_Reply-To_domain,IsFrom_domain_same_as_Return-Path_domain,IsFrom_entity_bracketed,IsTo_entity_bracketed,len_first_boundary,boundary_start_with_=,exist_=_middle_boundary,exist_underscore_boundary,exist_dot_boundary,exist_other_special_char_boundary,boundary_hexadecimal,boundary_decimal,length_style,exist_direction,exist_JS,depht_DOM_tree,num_DOM_leaf,num_unique_DOM_leaf,mean_DOM_leaf_depths,standart_dev_DOM_depths,num_email_addresses_in_html_section,num_a_tags,num_URLs_in_html_section,ratio_unique_domains_to_domains_of_allURLs_in_anytags,label,email_id,index,phishing_probability_original
1,1,0,1,0.5,0,1,1,6,0,2,0,0,1,0,54,64,1,1,0,0,0,0,0,0,1,1,0,0,0,1,0.0,0,0,0,0,0,0,0,0,0,1,0,61,0,0,1,0,0,0,0,1336,0,0,4,26,6,3.1538461538461537,0.9483713850721502,0,0,2,1.0,1,<57C21ED2FF07DF48A3586B45BF8E8DC4DBDBCA33@test-friendly>,0,0.99753726
1,0,0,0,1.0,0,-1,0,5,0,7,0,0,0,0,38,64,1,0,0,0,0,0,0,0,1,1,1,1,0,1,1.0,0,0,0,0,1,0,0,0,0,0,0,0,0,0,0,0,0,0,0,0,0,0,0,0,0,0.0,0.0,0,0,0,0.0,1,<sjbvlsjvl587s54vs5843v54@test-friendly>,1,0.9967043
0,1,1,0,0.0,0,1,1,7,0,3,0,0,1,0,52,64,1,0,0,0,0,0,0,0,1,1,1,1,1,2,0.5,0,0,0,1,0,0,0,0,0,1,1,47,0,1,1,0,0,0,0,2848,0,0,24,20,8,18.05,5.5450428312142,1,4,4,0.25,1,<USERPC4f17e502b34349e0a154a42282497eb9@test-friendly>,2,0.9983076
1,0,0,0,1.0,0,1,1,8,0,0,1,0,1,0,27,64,1,0,0,0,1,0,0,0,1,1,1,1,0,1,1.0,0,0,0,0,0,0,0,0,0,1,0,0,0,0,0,0,0,0,0,0,0,0,0,0,0,0.0,0.0,0,0,0,0.0,1,<web-328089274@test-friendly>,3,0.9921284
1,1,2,0,0.5,0,1,1,7,0,3,0,0,1,0,50,64,1,1,0,0,1,0,0,0,1,1,1,1,0,2,0.5,0,0,0,0,0,0,0,0,0,1,1,56,0,0,1,0,0,0,0,18065,0,0,26,57,10,19.859649122807017,6.142856631583015,2,0,3,0.6666666666666666,1,<df682d23-1b11-8608-6850-631f4676eaf4@test-friendly>,4,0.99202603
1,1,0,0,0.5,0,1,1,7,0,2,0,0,1,0,41,64,1,0,0,0,1,0,0,0,1,1,1,1,0,1,1.0,0,0,0,0,1,0,0,0,0,1,1,27,1,1,0,0,0,1,1,1380,0,0,5,27,7,4.222222222222222,0.9558139185602919,0,1,10,0.3,1,<SUP-SRV02y16xsoIIzQ00002e7d@test-friendly>,5,0.9992238
1,0,0,0,1.0,0,1,1,7,0,0,1,0,1,0,41,64,1,0,0,1,0,0,0,0,1,1,0,0,1,1,0.0,0,0,0,0,0,0,0,0,0,1,0,0,0,0,0,0,0,0,0,0,0,0,0,0,0,0.0,0.0,0,0,0,0.0,1,<200611240921.kAO9LWdr031172@test-friendly>,6,0.9986035
0,1,0,0,0.0,0,1,1,8,0,3,0,0,1,0,39,64,1,0,0,1,0,0,0,0,1,1,1,1,0,2,0.5,0,0,0,0,0,0,0,0,0,1,1,0,0,0,0,0,0,0,0,391,0,0,17,31,6,13.516129032258064,2.9932285702353667,0,6,8,0.125,1,<200205221306.g4MD6pD31214@test-friendly>,7,0.99381703
1,0,0,0,1.0,0,1,1,8,0,0,1,0,1,1,41,64,1,0,0,1,0,0,0,0,1,1,1,0,0,1,0.0,0,0,0,0,0,0,0,0,0,1,0,0,0,0,0,0,0,0,0,0,0,0,0,0,0,0.0,0.0,0,0,0,0.0,1,<200611231650.kANGo3iL030805@test-friendly>,8,0.99888974
0,1,0,0,0.0,0,1,1,7,0,8,1,0,1,0,44,64,1,1,0,0,1,0,0,0,1,1,1,1,1,2,0.5,0,0,0,0,0,0,0,0,0,0,0,41,0,1,1,1,0,0,0,0,0,0,3,26,3,2.076923076923077,0.3846153846153846,0,2,2,0.5,1,<015e47e51e6e$3754a4d7$2da85be8@test-friendly>,9,0.9903349
0,1,0,0,0.0,0,1,1,8,0,2,1,0,1,0,46,64,1,1,0,0,0,0,0,0,1,1,1,1,0,2,0.5,0,0,0,0,0,0,0,0,0,1,0,0,0,0,0,0,0,0,0,6816,0,0,16,28,6,9.75,3.2140872954630746,0,1,1,1.0,1,<3c2b70b3c364aefa10549c12262f226c@test-friendly>,10,0.9992416
1,0,0,0,1.0,0,1,1,6,0,0,0,0,1,0,40,64,1,0,0,1,0,0,0,0,1,0,1,1,0,1,1.0,0,0,0,0,0,0,0,0,0,0,0,0,0,0,0,0,0,0,0,0,0,0,0,0,0,0.0,0.0,0,0,0,0.0,1,<20040518211651.47848.qmail@test-friendly>,11,0.98819727
1,1,0,0,0.5,0,1,1,7,0,0,0,0,1,1,41,64,1,0,0,1,0,0,0,0,1,1,1,1,1,3,0.3333333333333333,0,0,1,0,0,0,0,0,0,1,0,31,1,0,0,0,1,0,0,0,0,0,2,43,3,2.0,0.0,0,1,1,1.0,1,<200310310128.h9V1SJ4U008577@test-friendly>,12,0.9966017
1,0,0,0,1.0,0,1,1,8,0,0,1,0,1,0,39,64,1,0,0,1,0,0,0,0,1,1,1,1,1,2,0.5,0,0,0,0,0,0,0,0,0,1,0,0,0,0,0,0,0,0,0,0,0,0,0,0,0,0.0,0.0,0,0,0,0.0,1,<200308041502.h74F2vW03954@test-friendly>,13,0.997431
1,1,0,0,0.5,0,1,1,8,0,2,0,0,1,0,46,64,1,1,0,0,0,0,0,0,1,1,1,1,0,2,0.5,0,0,0,0,0,0,0,0,0,1,0,35,0,0,1,0,0,1,0,9421,0,0,25,18,8,16.333333333333332,6.716480559869962,0,2,3,0.6666666666666666,1,<91b8491195a1abb821962d57193a575c@test-friendly>,14,0.99750704
1,0,0,0,1.0,0,-1,0,8,0,0,0,0,1,0,41,64,1,0,0,1,0,0,0,0,1,1,1,1,0,2,0.5,0,0,0,0,0,0,0,0,0,1,0,0,0,0,0,0,0,0,0,0,0,0,0,0,0,0.0,0.0,0,0,0,0.0,1,<200605050118.k451ILRY067681@test-friendly>,15,0.9903194
1,0,0,0,1.0,0,1,1,8,0,0,1,0,1,0,41,64,1,0,0,1,0,0,0,0,1,1,1,1,1,3,0.3333333333333333,0,0,0,0,0,0,0,0,0,1,0,0,0,0,0,0,0,0,0,0,0,0,0,0,0,0.0,0.0,0,0,0,0.0,1,<200305271735.h4RHZOvE005547@test-friendly>,16,0.99742436
1,0,0,0,1.0,0,1,1,7,0,0,0,0,1,1,49,64,1,0,0,0,1,0,0,0,1,1,1,0,1,2,0.0,0,0,0,0,0,0,0,0,0,1,0,0,0,0,0,0,0,0,0,0,0,0,0,0,0,0.0,0.0,0,0,0,0.0,1,<BAY109-F189DBEA59E02C0A21D3763FE0C0@test-friendly>,17,0.9983925
1,0,0,0,1.0,0,1,1,8,0,0,1,0,1,0,39,64,1,0,0,1,0,0,0,0,1,1,1,1,1,3,0.3333333333333333,0,0,0,0,0,0,0,0,0,1,0,0,0,0,0,0,0,0,0,0,0,0,0,0,0,0.0,0.0,0,0,0,0.0,1,<200402161452.i1GEqTK29053@test-friendly>,18,0.99742436
1,1,0,0,0.5,0,1,1,6,0,0,1,0,1,1,41,64,1,1,0,1,0,0,0,0,1,1,1,0,1,2,0.0,0,0,0,0,0,0,0,0,0,0,0,36,0,0,1,0,1,0,0,492,0,0,4,30,6,2.2666666666666666,0.5120763831912406,2,0,0,0.0,1,<c568aecb71685.71685c568aecb@test-friendly>,19,0.99841964
1,0,0,0,1.0,0,1,1,8,0,0,1,0,1,0,41,64,1,0,0,1,0,0,0,0,1,1,1,1,1,2,0.5,0,0,0,0,0,0,0,0,0,1,0,0,0,0,0,0,0,0,0,0,0,0,0,0,0,0.0,0.0,0,0,0,0.0,1,<200606160656.k5G6ug96028536@test-friendly>,20,0.99733764
1,0,0,0,1.0,0,1,1,8,0,0,0,0,1,0,30,64,1,1,0,0,0,0,0,0,1,1,1,0,1,2,0.0,0,0,0,0,0,0,0,0,0,1,0,0,0,0,0,0,0,0,0,0,0,0,0,0,0,0.0,0.0,0,0,0,0.0,1,<428C18CE00012425@test-friendly>,21,0.9979837
1,0,0,0,1.0,0,1,1,7,0,0,0,0,1,1,38,64,1,0,0,0,1,0,0,0,1,1,1,1,1,2,0.5,0,0,0,0,0,0,0,0,0,1,1,27,0,0,1,0,0,0,0,0,0,0,0,0,0,0.0,0.0,0,0,0,0.0,1,<0MKv22-1E81ig3nXF-0007y9@test-friendly>,22,0.9937948
1,0,0,0,1.0,0,1,1,8,0,0,1,0,1,0,31,64,1,1,1,1,0,0,0,0,1,1,1,1,0,1,1.0,0,0,0,0,1,0,0,0,0,0,0,0,0,0,0,0,0,0,0,0,0,0,0,0,0,0.0,0.0,0,0,0,0.0,1,<200603071508.6323@test-friendly>,23,0.9964149
1,1,0,0,0.5,0,1,2,7,0,3,0,0,1,0,45,64,1,1,0,1,0,0,0,0,1,1,1,1,0,2,0.5,0,0,0,0,0,0,0,0,0,1,0,41,0,1,1,1,0,0,0,5982,0,0,9,22,4,7.2272727272727275,1.9984498124527827,1,1,2,1.0,1,<20241004031024.470D05DE87F73A9B@test-friendly>,24,0.9951591
1,0,0,0,1.0,0,-1,0,7,0,0,0,0,1,1,48,64,1,0,0,0,1,0,0,0,1,1,1,0,1,2,0.0,0,0,0,0,0,0,0,0,0,1,0,0,0,0,0,0,0,0,0,0,0,0,0,0,0,0.0,0.0,0,0,0,0.0,1,<BAY12-F13AC56517C0B13A7B0EFA3DF0C0@test-friendly>,25,0.99826956
1,0,0,0,1.0,0,-1,0,6,0,0,0,0,1,1,48,64,1,0,0,0,1,0,0,0,1,1,0,0,1,2,0.0,0,0,0,0,0,0,0,0,0,1,0,0,0,0,0,0,0,0,0,0,0,0,0,0,0,0.0,0.0,0,0,0,0.0,1,<BAY21-F207822E8A0EB019EFA9AC48CB70@test-friendly>,26,0.99833834
1,1,0,0,0.5,0,1,1,7,0,3,0,0,1,0,54,64,1,1,0,0,0,0,0,0,1,1,1,1,0,2,0.5,0,0,0,0,0,0,0,0,0,1,1,57,0,0,1,0,0,0,0,193,0,0,4,8,5,2.875,0.5994789404140899,0,1,1,1.0,1,<99D89B86E277274C9D85B6F3B272F829442049D5@test-friendly>,27,0.9963439
0,1,0,0,0.0,0,1,1,8,0,2,0,0,1,0,43,64,1,1,0,1,0,0,0,0,1,1,1,1,0,2,0.5,0,0,0,0,0,0,0,0,0,1,0,0,0,0,0,0,0,0,0,2819,0,0,14,22,6,7.090909090909091,3.0287874998104876,2,1,1,1.0,1,<20240829082252.A71C3B8590B3E7@test-friendly>,28,0.9990484
1,0,0,0,1.0,0,1,1,8,0,0,1,0,1,0,41,64,1,0,0,1,0,0,0,0,1,1,1,1,1,3,0.3333333333333333,0,0,0,0,0,0,0,0,0,1,0,0,0,0,0,0,0,0,0,0,0,0,0,0,0,0.0,0.0,0,0,0,0.0,1,<200411201829.iAKITWq9021061@test-friendly>,29,0.99742436
1,1,0,0,0.5,0,1,1,7,0,2,0,0,1,0,31,64,1,0,0,0,1,0,0,0,1,1,1,1,0,2,0.5,0,0,0,0,0,0,0,0,0,1,0,12,0,0,0,0,0,0,0,1170,0,0,13,12,4,10.5,2.565800719723442,0,1,1,1.0,1,<E1okIZH-0000yX-7V@test-friendly>,30,0.9932881
0,1,0,0,0.0,0,1,1,8,0,1,0,0,1,0,45,64,1,1,0,1,0,0,0,0,1,1,1,1,0,2,0.5,0,0,0,0,0,0,0,0,0,1,0,0,0,0,0,0,0,0,0,312,0,0,15,14,6,8.0,3.1622776601683795,3,1,2,1.0,1,<20191216132315.D8DDD113C4ED8DD0@test-friendly>,31,0.99917114
1,0,0,0,1.0,0,-1,0,4,0,0,1,0,0,0,37,64,1,1,0,1,0,0,0,0,1,0,1,1,1,1,1.0,0,0,0,0,0,0,0,0,0,0,0,0,0,0,0,0,0,0,0,0,0,0,0,0,0,0.0,0.0,0,0,0,0.0,1,<41b36163.3e5.2a2a.18994@test-friendly>,32,0.99038637
1,0,0,0,1.0,0,1,1,7,0,0,1,0,1,1,39,64,1,1,0,1,0,0,0,0,1,1,1,1,0,1,1.0,0,0,0,0,0,0,0,0,0,1,0,0,0,0,0,0,0,0,0,0,0,0,0,0,0,0.0,0.0,0,0,0,0.0,1,<1998cf19b448.19b4481998cf@test-friendly>,33,0.9911466
1,0,0,0,1.0,0,1,1,7,0,0,1,0,1,1,39,64,1,1,0,1,0,0,0,0,1,1,1,1,0,1,1.0,0,0,0,0,0,0,0,0,0,1,0,0,0,0,0,0,0,0,0,0,0,0,0,0,0,0.0,0.0,0,0,0,0.0,1,<1998cf19b448.19b4481998cf@test-friendly>,34,0.9911466
2,1,0,0,0.6666666666666666,0,1,1,7,0,1,0,0,1,0,74,64,1,1,0,0,1,0,0,0,1,1,1,1,0,2,0.5,0,0,0,0,0,0,0,0,0,1,0,52,0,0,1,0,0,0,0,2220,0,0,14,9,3,12.555555555555555,1.7069212773041351,1,1,2,1.0,1, <010001829765f4ff-0560712e-6b2d-4d66-abf6-d2765fc53411-000000@test-friendly>,35,0.9951023
1,1,0,0,0.5,0,1,1,7,0,2,0,0,1,0,30,64,1,1,1,0,1,0,0,0,1,1,1,1,1,2,0.5,0,0,0,0,1,0,0,0,0,1,1,27,1,1,0,0,0,1,1,13220,0,0,5,21,4,4.0476190476190474,0.5753831415997416,2,0,0,0.0,1,<1521178828-16264@test-friendly>,36,0.9760045
1,0,0,0,1.0,0,1,1,7,0,0,0,0,1,1,41,64,1,0,0,1,0,0,0,0,1,1,1,1,1,2,0.5,0,0,0,0,0,0,0,0,0,1,1,27,0,0,1,0,0,0,0,0,0,0,0,0,0,0.0,0.0,0,0,0,0.0,1,<200606180931.k5I9Vgij014604@test-friendly>,37,0.9952454
0,1,0,0,0.0,0,1,1,8,0,3,0,0,1,0,45,64,1,1,0,1,0,0,0,0,1,1,1,1,0,2,0.5,0,0,0,0,0,0,0,0,0,1,0,0,0,0,0,0,0,0,0,6068,0,0,13,40,8,7.8,2.471841418861655,10,14,6,0.16666666666666666,1,<20190522023342.1EB774DCF16AF758@test-friendly>,38,0.98042655
1,0,0,0,1.0,0,1,1,7,0,0,0,0,1,0,40,64,1,1,0,1,0,0,0,0,1,1,1,1,0,1,1.0,0,0,0,0,1,0,0,0,0,1,1,68,0,0,1,1,0,0,0,0,0,0,0,0,0,0.0,0.0,0,0,0,0.0,1,<20060515101833.C56699315C4@test-friendly>,39,0.995905
1,0,0,0,1.0,0,1,1,8,0,0,1,0,1,0,41,64,1,0,0,1,0,0,0,0,1,1,1,1,1,2,0.5,0,0,0,0,0,0,0,0,0,1,0,0,0,0,0,0,0,0,0,0,0,0,0,0,0,0.0,0.0,0,0,0,0.0,1,<200503110955.j2B9tJnG016715@test-friendly>,40,0.99733764
1,0,0,0,1.0,0,1,1,8,0,0,1,0,1,0,41,64,1,0,0,1,0,0,0,0,1,1,1,1,1,3,0.3333333333333333,0,0,0,0,0,0,0,0,0,1,0,0,0,0,0,0,0,0,0,0,0,0,0,0,0,0.0,0.0,0,0,0,0.0,1,<200609072143.k87Lhvs8011287@test-friendly>,41,0.99742436
0,1,0,0,0.0,0,1,1,7,0,4,0,0,1,0,31,64,1,0,0,0,1,0,0,0,1,1,1,1,1,10,0.1,8,0,0,1,0,0,0,0,0,0,0,0,0,0,0,0,0,0,0,0,0,0,8,2,2,7.5,0.5,0,1,0,0.0,1,<E17KkxB-000N5J-0Y@test-friendly>,42,0.99960655
1,1,0,0,0.5,0,1,1,5,0,0,0,0,1,0,40,64,1,0,0,1,0,0,0,0,1,0,1,1,0,1,1.0,0,0,0,0,0,0,0,0,0,0,0,29,0,1,0,0,1,0,0,0,0,0,4,19,2,3.6315789473684212,0.7405919620773836,0,0,0,0.0,1,<20060330165034.50743.qmail@test-friendly>,43,0.99700636
0,1,0,0,0.0,0,1,1,8,0,0,1,0,1,0,39,64,1,1,0,1,0,0,0,0,1,1,1,1,1,2,0.5,0,0,0,0,0,0,0,0,0,1,0,0,0,0,0,0,0,0,0,56,0,0,5,22,4,3.772727272727273,1.7302605736976617,0,1,1,1.0,1,<1a69381a5009.1a50091a6938@test-friendly>,44,0.99918395
1,0,0,0,1.0,0,1,1,7,0,4,0,0,0,0,39,64,1,0,0,1,0,0,0,0,1,1,1,1,0,2,0.5,0,0,0,0,0,0,0,0,0,1,1,0,0,0,0,0,0,0,0,0,0,0,0,0,0,0.0,0.0,0,0,0,0.0,1,<200208030636.g736Zgg28166@test-friendly>,45,0.68097854
1,1,0,0,0.5,0,1,1,7,0,3,0,0,1,0,50,64,1,1,0,0,1,0,0,0,1,1,1,0,0,1,0.0,0,0,0,0,0,0,0,0,0,1,0,61,0,0,1,0,0,0,0,1908,0,0,12,21,8,8.857142857142858,2.8163758252611895,0,1,1,1.0,1,<9ec5c3fa-5a00-4bd7-88aa-033fb8580985@test-friendly>,46,0.99787915
1,0,0,0,1.0,0,1,1,8,0,0,0,0,1,0,53,64,1,0,0,0,1,0,0,0,1,1,1,0,0,1,0.0,0,0,0,0,0,0,0,0,0,1,0,0,0,0,0,0,0,0,0,0,0,0,0,0,0,0.0,0.0,0,0,0,0.0,1,<IHPS34$92B42777A7B379C262C480DF2DF7BA2B@test-friendly>,47,0.99796695
1,0,0,0,1.0,0,1,1,7,0,0,1,0,1,0,41,64,1,0,0,1,0,0,0,0,1,1,0,0,1,2,0.0,0,0,0,0,0,0,0,0,0,1,0,0,0,0,0,0,0,0,0,0,0,0,0,0,0,0.0,0.0,0,0,0,0.0,1,<200508022216.j72MG7eA030849@test-friendly>,48,0.9984388
0,1,0,0,0.0,0,1,1,8,0,3,1,0,1,0,39,64,1,0,0,1,0,0,0,0,1,1,1,25,0,45,0.5333333333333333,24,0,0,0,0,0,0,0,0,1,0,0,0,0,0,0,0,0,0,0,0,0,6,63,8,3.5555555555555554,1.3660019031079467,1,5,4,0.25,1,<200206072241.g57Mf1V12746@test-friendly>,49,0.99960536
1,0,0,0,1.0,0,1,1,7,0,3,0,0,0,0,25,64,1,1,0,0,0,0,0,0,1,1,1,1,0,2,0.5,0,0,0,0,0,0,0,0,0,1,1,0,0,0,0,0,0,0,0,0,0,0,0,0,0,0.0,0.0,0,0,0,0.0,1,<B0001471456@test-friendly>,50,0.81926
0,1,0,0,0.0,0,1,1,7,0,3,1,0,1,0,48,64,1,0,0,1,0,0,0,0,1,1,1,1,1,2,0.5,0,0,0,0,0,0,0,0,0,1,0,0,0,0,0,0,0,0,0,2618,0,0,11,38,8,6.684210526315789,2.295364472353319,2,6,8,0.5,1,<1490636522.854932.25748.nullmailer@test-friendly>,51,0.99702185
1,1,0,0,0.5,0,1,1,6,0,0,0,0,1,0,40,64,1,0,0,1,0,0,0,0,1,0,1,1,0,1,1.0,0,0,0,0,0,0,0,0,0,0,0,29,0,1,0,0,1,0,0,0,0,0,2,51,3,2.0,0.0,0,1,1,1.0,1,<20060320103321.69081.qmail@test-friendly>,52,0.99703074
1,0,0,0,1.0,0,1,1,8,0,0,1,0,1,0,41,64,1,0,0,1,0,0,0,0,1,1,1,1,1,2,0.5,0,0,0,0,0,0,0,0,0,1,0,0,0,0,0,0,0,0,0,0,0,0,0,0,0,0.0,0.0,0,0,0,0.0,1,<200609211233.k8LCXOgi015066@test-friendly>,53,0.9967043
1,1,0,1,0.5,0,1,1,6,0,4,1,0,1,0,46,64,1,1,0,0,0,0,0,0,1,1,0,0,0,1,0.0,0,0,0,0,0,0,0,0,0,1,0,41,0,1,1,1,0,0,0,0,0,0,4,4,3,2.5,0.8660254037844386,0,0,2,1.0,1,<4C6598132C3845D381F171767C835FE9@test-friendly>,54,0.9910124
1,0,0,0,1.0,0,1,1,8,0,0,1,0,1,0,38,64,1,1,0,1,0,0,0,0,1,1,1,1,1,2,0.5,0,0,0,0,0,0,0,0,0,1,0,0,0,0,0,0,0,0,0,0,0,0,0,0,0,0.0,0.0,0,0,0,0.0,1,<20060613225333.63440C0DA@test-friendly>,55,0.9974022
1,0,0,0,1.0,0,1,1,8,0,4,1,0,1,0,39,64,1,0,0,1,0,0,0,0,1,1,1,0,1,1,0.0,0,0,0,0,0,0,0,0,0,1,0,0,0,0,0,0,0,0,0,0,0,0,0,0,0,0.0,0.0,0,0,0,0.0,1,<200206021027.g52ARP723639@test-friendly>,56,0.9956065
1,1,2,0,0.5,0,1,1,6,0,0,0,0,1,0,40,64,1,0,0,1,0,0,0,0,1,0,1,1,0,1,1.0,0,0,0,0,0,0,0,0,0,0,0,29,0,1,0,0,1,0,0,0,0,0,2,18,4,1.8888888888888888,0.3142696805273545,0,1,1,1.0,1,<20061106132855.76512.qmail@test-friendly>,57,0.99703074
1,0,0,0,1.0,0,1,1,6,0,0,1,0,0,0,41,64,1,0,0,1,0,0,0,0,1,1,1,1,1,2,0.5,0,0,0,0,0,0,0,0,0,0,0,0,0,0,0,0,0,0,0,0,0,0,0,0,0,0.0,0.0,0,0,0,0.0,1,<200402121628.i1CGSmpp005044@test-friendly>,58,0.99546117
1,0,0,0,1.0,0,1,1,8,0,0,1,0,1,0,27,64,1,0,0,0,1,0,0,0,1,1,1,1,0,1,1.0,0,0,0,0,0,0,0,0,0,1,0,0,0,0,0,0,0,0,0,0,0,0,0,0,0,0.0,0.0,0,0,0,0.0,1,<web-618639208@test-friendly>,59,0.9921284
1,0,0,0,1.0,0,1,1,7,0,0,1,0,1,0,26,64,1,0,0,0,1,0,0,0,1,1,0,0,0,1,0.0,0,0,0,0,0,0,0,0,0,1,0,0,0,0,0,0,0,0,0,0,0,0,0,0,0,0.0,0.0,0,0,0,0.0,1,<web-19250987@test-friendly>,60,0.99809307
0,1,0,0,0.0,0,1,1,8,0,3,0,0,1,0,44,64,1,1,0,0,1,0,0,0,1,1,1,1,0,2,0.5,0,0,0,0,0,0,0,0,0,0,0,0,0,0,0,0,0,0,0,1100,0,0,5,31,8,3.4193548387096775,1.0402913223611032,0,2,2,0.5,1,<000037ca5ec5$0000554b$00006949@test-friendly>,61,0.998718
0,1,0,0,0.0,0,1,1,8,0,1,0,0,1,0,74,64,1,1,0,0,1,0,0,0,1,1,1,1,0,2,0.5,0,0,0,0,0,0,0,0,0,1,0,0,0,0,0,0,0,0,0,1489,0,0,22,19,6,15.157894736842104,2.851835196661909,1,3,1,1.0,1, <0109018141f0615c-76b92a59-7a84-4cf2-8d3e-27b29a03bbcc-000000@test-friendly>,62,0.99638784
0,1,0,0,0.0,0,1,1,7,0,5,0,0,1,0,39,64,1,0,0,1,0,0,0,0,1,1,1,1,1,9,0.1111111111111111,7,0,0,0,0,0,0,0,0,0,0,0,0,0,0,0,0,0,0,0,0,0,3,2,2,3.0,0.0,0,1,0,0.0,1,<200205071208.g47C8JD12826@test-friendly>,63,0.9994702
0,1,0,0,0.0,0,-1,0,6,0,0,0,0,0,0,41,64,1,0,0,1,0,0,0,0,1,1,1,1,0,2,0.5,0,0,0,0,0,0,0,0,0,1,0,0,0,0,0,0,0,0,0,0,0,0,5,8,5,3.5,0.7071067811865476,2,2,2,1.0,1,<200701192354.l0JNslMB025878@test-friendly>,64,0.997615
1,0,0,0,1.0,0,1,1,8,0,0,1,0,1,0,41,64,1,0,0,1,0,0,0,0,1,1,1,1,1,2,0.5,0,0,0,0,0,0,0,0,0,1,0,0,0,0,0,0,0,0,0,0,0,0,0,0,0,0.0,0.0,0,0,0,0.0,1,<200703192210.l2JMAqYX019988@test-friendly>,65,0.9967043
1,0,0,0,1.0,0,1,1,7,0,0,0,0,1,0,38,64,1,1,0,1,0,0,0,0,1,1,1,1,1,2,0.5,0,0,0,0,0,0,0,0,0,1,0,36,0,0,0,0,0,1,0,0,0,0,0,0,0,0.0,0.0,0,0,0,0.0,1,<20030523052114.361EBC30E@test-friendly>,66,0.99760395
1,0,0,0,1.0,0,1,1,6,0,0,1,0,0,0,39,64,1,0,0,1,0,0,0,0,1,1,1,1,1,2,0.5,0,0,0,0,0,0,0,0,0,0,0,0,0,0,0,0,0,0,0,0,0,0,0,0,0,0.0,0.0,0,0,0,0.0,1,<200306271821.h5RIL7q25911@test-friendly>,67,0.9962025
1,1,0,0,0.5,0,1,1,7,0,3,0,0,1,0,56,64,1,1,0,0,0,0,0,0,1,1,1,1,0,2,0.5,0,0,0,0,0,0,0,0,0,1,1,57,0,0,1,0,0,0,0,2006,0,0,6,16,7,5.3125,1.3095204274848102,0,7,7,1.0,1,<7AB2F2E66F22524F95B6F9F69F03366C0120077D73@test-friendly>,68,0.9940474
0,1,0,0,0.0,0,-1,0,6,0,2,0,0,0,0,39,64,1,0,0,1,0,0,0,0,1,1,1,1,0,2,0.5,0,0,0,0,0,0,0,0,0,1,0,0,0,0,0,0,0,0,0,0,0,0,14,8,4,7.0,3.905124837953327,2,3,2,0.5,1,<200205181641.g4IGfGD07738@test-friendly>,69,0.9977308
1,1,0,0,0.5,0,1,1,7,0,6,0,0,1,0,46,64,1,1,0,0,0,0,0,0,1,1,1,0,0,1,0.0,0,0,0,0,0,0,0,0,0,1,0,59,0,0,1,0,0,0,0,1266,0,0,5,15,6,3.933333333333333,1.0624918300339485,0,1,3,1.0,1,<dba89a40cec8433aa1d1c75b2937aaaf@test-friendly>,70,0.99442166
1,1,0,0,0.5,0,1,1,8,0,2,0,0,1,0,46,64,1,1,0,0,0,0,0,0,1,1,1,1,0,2,0.5,0,0,0,0,0,0,0,0,0,1,0,35,0,0,1,0,0,1,0,5155,0,0,20,17,8,11.529411764705882,3.727759886530555,2,3,2,1.0,1,<853954a0a835fcbcb97f5eb9c7d9a3e9@test-friendly>,71,0.9961188
0,1,0,0,0.0,0,1,1,8,0,0,1,0,1,1,35,64,1,1,0,1,0,0,0,0,1,1,1,1,1,2,0.5,0,0,0,0,0,0,0,0,0,1,0,0,0,0,0,0,0,0,0,0,0,0,5,6,1,5.0,0.0,2,0,0,0.0,1,<fb457fe022.fe022fb457@test-friendly>,72,0.99942446
1,1,0,0,0.5,0,1,1,8,0,0,0,0,1,0,40,64,1,0,0,1,0,0,0,0,1,1,1,1,1,2,0.5,0,0,0,0,0,0,0,0,0,1,0,29,0,1,0,0,1,0,0,130,0,0,5,46,4,3.891304347826087,0.37464538999161057,2,0,1,1.0,1,<20060513091947.83667.qmail@test-friendly>,73,0.9977508
0,1,0,0,0.0,0,-1,0,8,0,2,1,0,1,0,46,64,1,1,0,0,0,0,0,0,1,1,1,1,0,2,0.5,0,0,0,0,0,0,0,0,0,1,0,0,0,0,0,0,0,0,0,3260,0,0,18,24,10,8.791666666666666,5.243878706538594,0,1,1,1.0,1,<042397b035ad34b7aca0f08268c01841@test-friendly>,74,0.9986331
1,0,0,0,1.0,0,1,1,6,0,0,1,0,1,1,35,64,1,1,0,1,0,0,0,0,1,1,0,0,1,2,0.0,0,0,0,0,0,0,0,0,0,1,0,0,0,0,0,0,0,0,0,0,0,0,0,0,0,0.0,0.0,0,0,0,0.0,1,<fa1ee1ca24ac.467e4093@test-friendly>,75,0.9991247
0,1,0,0,0.0,0,1,1,7,0,0,0,0,1,1,50,64,1,0,0,1,0,0,0,0,1,1,1,1,1,2,0.5,0,0,0,0,0,0,0,0,0,1,0,39,0,1,1,1,0,0,0,0,0,0,0,1,1,0.0,0.0,0,0,0,0.0,1,<21670167.1138926698593.JavaMail.USER@test-friendly>,76,0.99852705
1,0,0,0,1.0,0,1,1,8,0,0,1,0,1,0,41,64,1,0,0,1,0,0,0,0,1,1,1,1,0,1,1.0,0,0,0,0,1,0,0,0,0,0,0,0,0,0,0,0,0,0,0,0,0,0,0,0,0,0.0,0.0,0,0,0,0.0,1,<200502141124.j1EBON4b058528@test-friendly>,77,0.9938928
1,1,0,0,0.5,0,1,1,6,0,0,0,0,1,0,40,64,1,0,0,1,0,0,0,0,1,0,1,1,0,1,1.0,0,0,0,0,0,0,0,0,0,0,0,30,0,1,0,0,1,0,0,0,0,0,7,42,5,3.238095238095238,1.3239465499483662,4,2,0,0.0,1,<20060707211853.59068.qmail@test-friendly>,78,0.99535155
1,0,0,0,1.0,0,1,1,8,0,0,1,0,1,0,41,64,1,0,0,1,0,0,0,0,1,1,1,1,1,3,0.3333333333333333,0,0,0,0,0,0,0,0,0,1,0,0,0,0,0,0,0,0,0,0,0,0,0,0,0,0.0,0.0,0,0,0,0.0,1,<200407061154.i66BsBCv030464@test-friendly>,79,0.99742436
1,0,0,0,1.0,0,1,1,8,0,0,1,0,1,1,39,64,1,0,0,1,0,0,0,0,1,1,1,0,0,1,0.0,0,0,0,0,0,0,0,0,0,1,0,0,0,0,0,0,0,0,0,0,0,0,0,0,0,0.0,0.0,0,0,0,0.0,1,<200501141805.j0EI5wQ11579@test-friendly>,80,0.99838495
1,1,0,0,0.5,0,1,1,7,0,4,0,0,1,0,49,64,1,1,0,0,1,0,0,0,1,1,1,1,0,2,0.5,0,0,0,0,0,0,0,0,0,1,0,34,0,1,1,0,0,0,0,679,0,0,11,17,7,4.588235294117647,2.4267825111454435,1,2,2,1.0,1,<0520202310030225C79775C7$281215EBE5@test-friendly>,81,0.99181855
0,1,0,0,0.0,0,1,1,6,0,4,1,0,0,0,26,64,1,0,0,1,0,0,0,0,1,1,1,1,1,2,0.5,0,0,0,0,0,0,0,0,0,1,0,0,0,0,0,0,0,0,0,0,0,0,61,56,6,8.625,7.383772022869767,3,0,1,1.0,1,<p4kx9.mt1pdr@test-friendly>,82,0.9977191
0,2,0,0,0.0,0,-1,0,7,0,2,0,0,1,0,45,64,1,1,0,1,0,0,0,0,1,1,1,1,0,2,0.5,0,0,0,0,0,0,0,0,0,1,0,41,0,1,1,1,0,0,0,6642,0,1,24,51,12,9.196078431372548,5.254389790668361,6,2,7,0.7142857142857143,1,<20241109134358.54C1BB8EAE457E9D@test-friendly>,83,0.997274
1,0,0,0,1.0,0,1,1,7,0,0,1,0,1,1,31,64,1,0,0,0,1,0,0,0,1,1,0,0,0,1,0.0,0,0,0,0,0,0,0,0,0,1,0,0,0,0,0,0,0,0,0,0,0,0,0,0,0,0.0,0.0,0,0,0,0.0,1,<E1C6p8g-0004fy-00@test-friendly>,84,0.9983516
0,1,1,1,0.0,0,1,1,7,0,4,0,0,1,0,45,64,1,1,0,1,0,0,0,0,1,1,1,1,0,1,1.0,0,0,0,0,0,0,0,0,0,1,0,41,0,1,1,1,0,0,0,3291,0,0,20,10,7,9.0,4.711687595755898,3,3,3,0.6666666666666666,1,<20210107191232.DCF844ED92FBB28F@test-friendly>,85,0.9968777
1,1,0,0,0.5,0,1,1,7,0,4,0,0,1,0,40,64,1,1,0,1,0,0,0,0,1,1,1,1,0,2,0.5,0,0,0,0,0,0,0,0,0,1,0,27,1,1,0,0,0,1,1,20,0,0,9,16,4,3.6875,1.757795138803154,2,1,0,0.0,1,<20161007211007.902869C7D4A@test-friendly>,86,0.96336925
0,1,0,0,0.0,0,-1,0,8,0,0,1,0,1,1,41,64,1,0,0,1,0,0,0,0,1,1,1,0,1,1,0.0,0,0,0,0,0,0,0,0,0,1,0,0,0,0,0,0,0,0,0,0,0,0,1,63,1,1.0,0.0,2,0,0,0.0,1,<200703142212.l2EMCHw1022492@test-friendly>,87,0.9995714
0,1,0,0,0.0,0,1,1,8,0,2,0,0,1,0,45,64,1,1,0,1,0,0,0,0,1,1,1,1,0,1,1.0,0,0,0,0,0,0,0,0,0,1,0,0,0,0,0,0,0,0,0,1351,0,0,8,49,8,3.510204081632653,1.2636592310540997,1,7,7,0.5714285714285714,1,<20200812212010.476E5E46795412E8@test-friendly>,88,0.9966672
0,1,0,0,0.0,0,1,1,8,0,2,1,0,1,0,39,64,1,0,0,1,0,0,0,0,1,1,1,1,0,2,0.5,0,0,0,0,0,0,0,0,0,0,0,0,0,0,0,0,0,0,0,0,0,0,2,11,2,2.0,0.0,0,1,1,1.0,1,<200207211010.g6LAAT426917@test-friendly>,89,0.9990766
1,0,0,0,1.0,0,1,1,8,0,0,1,0,1,0,39,64,1,0,0,1,0,0,0,0,1,1,1,1,1,3,0.3333333333333333,0,0,0,0,0,0,0,0,0,1,0,0,0,0,0,0,0,0,0,0,0,0,0,0,0,0.0,0.0,0,0,0,0.0,1,<200305060843.h468hi228040@test-friendly>,90,0.99742436
0,1,0,0,0.0,0,1,1,8,0,2,0,0,1,0,45,64,1,1,0,1,0,0,0,0,1,1,1,1,0,2,0.5,0,0,0,0,0,0,0,0,0,1,0,0,0,0,0,0,0,0,0,7830,0,0,23,22,6,14.454545454545455,5.710654099832513,2,2,2,1.0,1,<20221103204200.7A878176A76781B8@test-friendly>,91,0.99920815
1,0,0,0,1.0,0,1,1,7,0,0,0,0,1,1,49,64,1,0,0,0,1,0,0,0,1,1,1,0,1,2,0.0,0,0,0,0,0,0,0,0,0,1,0,0,0,0,0,0,0,0,0,0,0,0,0,0,0,0.0,0.0,0,0,0,0.0,1,<BAY117-F3890AB2EC19790E5B97294A8A00@test-friendly>,92,0.9983925
0,1,0,0,0.0,0,1,1,8,0,2,0,0,1,0,45,64,1,1,0,1,0,0,0,0,1,1,1,1,0,2,0.5,0,0,0,0,0,0,0,0,0,0,0,0,0,0,0,0,0,0,0,2722,0,0,31,12,5,21.25,7.907011656329674,2,2,3,1.0,1,<20190702062629.88B91650F50E2A88@test-friendly>,93,0.99872786
1,0,0,0,1.0,0,1,1,8,0,0,0,1,1,0,30,64,1,1,0,1,0,0,0,0,1,1,1,1,1,2,0.5,0,0,0,1,0,0,0,0,0,1,1,0,0,0,0,0,0,0,0,0,0,0,0,0,0,0.0,0.0,0,0,0,0.0,1,<B264767D.8404A65@test-friendly>,94,0.99608994
0,1,0,0,0.0,0,1,1,8,0,1,0,0,1,0,45,64,1,1,0,1,0,0,0,0,1,1,1,1,0,2,0.5,0,0,0,0,0,0,0,0,0,1,0,0,0,0,0,0,0,0,0,2010,0,0,4,11,5,2.8181818181818183,0.5749595745760689,2,2,2,0.5,1,<20200402065856.F4E9E0FCD5AA480D@test-friendly>,95,0.9990139
1,0,0,0,1.0,0,1,1,8,0,0,1,0,1,0,41,64,1,0,0,1,0,0,0,0,1,1,1,1,1,3,0.3333333333333333,0,0,0,0,0,0,0,0,0,1,0,0,0,0,0,0,0,0,0,0,0,0,0,0,0,0.0,0.0,0,0,0,0.0,1,<200409031052.i83Aq7R2021003@test-friendly>,96,0.9979925
1,0,0,0,1.0,0,-1,0,8,0,0,1,0,1,1,39,64,1,0,0,1,0,0,0,0,1,1,1,1,0,1,1.0,0,0,0,0,0,0,0,0,0,1,0,0,0,0,0,0,0,0,0,0,0,0,0,0,0,0.0,0.0,0,0,0,0.0,1,<200301290045.h0T0jqP14474@test-friendly>,97,0.99453247
1,0,0,0,1.0,0,1,1,8,0,0,0,0,1,0,41,64,1,0,0,1,0,0,0,0,1,1,1,1,0,1,1.0,0,0,0,0,1,0,0,0,0,0,0,0,0,0,0,0,0,0,0,0,0,0,0,0,0,0.0,0.0,0,0,0,0.0,1,<200408070834.i778Y658018037@test-friendly>,98,0.9899165
1,0,0,0,1.0,0,-1,0,5,0,0,0,0,0,0,41,64,1,0,0,1,0,0,0,0,1,1,1,1,0,2,0.5,0,0,0,0,0,0,0,0,0,0,0,0,0,0,0,0,0,0,0,0,0,0,0,0,0,0.0,0.0,0,0,0,0.0,1,<200406031209.i53C9HaI004161@test-friendly>,99,0.9729566
